entity_a_id,entity_b_id,entity_a_name,entity_b_name,match_score,merge_accepted
firm_5357,firm_401054971,BGR GOVERNMENT AFFAIRS,FTI GOVERNMENT AFFAIRS,86.36,False
firm_401104313,firm_25603,"MILLER STRATEGIES, LLC","ML STRATEGIES, LLC",90.0,False
firm_400605842,firm_25603,"W STRATEGIES, LLC","ML STRATEGIES, LLC",85.71,False
firm_25603,firm_401057986,"ML STRATEGIES, LLC","SBL STRATEGIES, LLC",91.89,False
firm_400605842,firm_400434103,"W STRATEGIES, LLC","WATER STRATEGIES, LLC",89.47,False
firm_401104582,firm_401103494,SPLITOAK STRATEGIES LLC,SIRONA STRATEGIES LLC,86.36,False
firm_25603,firm_401104546,"ML STRATEGIES, LLC","SIMS STRATEGIES, LLC",89.47,False
firm_401057986,firm_401104546,"SBL STRATEGIES, LLC","SIMS STRATEGIES, LLC",87.18,False
firm_401104313,firm_316057,"MILLER STRATEGIES, LLC",ICE MILLER STRATEGIES LLC,89.36,False
firm_25603,firm_401104425,"ML STRATEGIES, LLC","PLURUS STRATEGIES, LLC",85.0,False
firm_401104313,firm_401104458,"MILLER STRATEGIES, LLC","SL STRATEGIES, LLC",85.0,False
firm_400605842,firm_401104458,"W STRATEGIES, LLC","SL STRATEGIES, LLC",85.71,False
firm_40011081,firm_84217,"KADESH & ASSOCIATES, LLC","CARD & ASSOCIATES, LLC",86.96,False
firm_29777,firm_400431088,C2 STRATEGIES,COVE STRATEGIES,85.71,False
firm_72053,firm_401104937,CAPITOL HILL CONSULTING GROUP,CAPITOL CONSULTING GROUP LLC (DC),87.1,False
firm_400532589,firm_400581776,PRIME POLICY GROUP,RIDGE POLICY GROUP,88.89,False
firm_70175,firm_400903639,"MERCURY PUBLIC AFFAIRS, LLC",MABRY PUBLIC AFFAIRS LLC,86.27,False
firm_401104718,firm_401106545,HB STRATEGIES,HSA STRATEGIES,88.89,False
firm_40011081,firm_21084,"KADESH & ASSOCIATES, LLC","KANNER & ASSOCIATES, LLC",87.5,False
firm_84217,firm_21084,"CARD & ASSOCIATES, LLC","KANNER & ASSOCIATES, LLC",86.96,False
firm_401103500,firm_401105219,FIERCE GOVERNMENT RELATIONS,CONFLUENCE GOVERNMENT RELATIONS,86.21,False
firm_401104313,firm_401079030,"MILLER STRATEGIES, LLC","MELTSNER STRATEGIES, LLC",86.96,False
firm_25603,firm_401079030,"ML STRATEGIES, LLC","MELTSNER STRATEGIES, LLC",85.71,False
firm_401104425,firm_58432,"PLURUS STRATEGIES, LLC","PARK STRATEGIES, LLC",85.71,False
firm_400794388,firm_305635,"SCONSET STRATEGIES, LLC","MONUMENT STRATEGIES, LLC",85.11,False
firm_401104143,firm_401105297,CARPENTER STRATEGIC CONSULTING LLC,"CLINE STRATEGIC CONSULTING, LLC",86.15,False
firm_401103206,firm_401105297,"STRATEGICS CONSULTING, LLC","CLINE STRATEGIC CONSULTING, LLC",87.72,False
firm_400703107,firm_401104885,"THE GIBSON GROUP, LLC","THE GABOTON GROUP, LLC",88.37,False
firm_288954,firm_17328,TASSEY & ASSOCIATES,HALEY & ASSOCIATES,86.49,False
firm_401104718,firm_401104101,HB STRATEGIES,B+S STRATEGIES,88.89,False
firm_401106545,firm_401104101,HSA STRATEGIES,B+S STRATEGIES,85.71,False
firm_401103500,firm_306011,FIERCE GOVERNMENT RELATIONS,FIDELIS GOVERNMENT RELATIONS,87.27,False
firm_304337,firm_306011,DUNKEL GOVERNMENT RELATIONS,FIDELIS GOVERNMENT RELATIONS,87.27,False
firm_400493433,firm_400625900,"CAPITALEDGE STRATEGIES, LLC","CAPITOL STRATEGIES, LLC",88.0,False
firm_91774,firm_400625900,"CAPITOL HILL STRATEGIES,  LLC","CAPITOL STRATEGIES, LLC",90.2,False
firm_297294,firm_401104189,BOSE PUBLIC AFFAIRS GROUP,BIGHORN PUBLIC AFFAIRS GROUP,86.79,False
firm_400704112,firm_401104700,"CORLEY CONSULTING, LLC",CORDONE CONSULTING LLC,86.36,False
firm_400794388,firm_401106120,"SCONSET STRATEGIES, LLC","SCHERTZ STRATEGIES, LLC",86.96,False
firm_25603,firm_401106902,"ML STRATEGIES, LLC","OCULUS STRATEGIES, LLC",85.0,False
firm_401104425,firm_401106902,"PLURUS STRATEGIES, LLC","OCULUS STRATEGIES, LLC",86.36,False
firm_49635,firm_401104378,"THE LIVINGSTON GROUP, LLC","THE LIAISON GROUP, LLC",89.36,False
firm_401105554,firm_401105683,OAK GROVE STRATEGIES,LIVE OAK STRATEGIES,87.18,False
firm_401105417,firm_401109030,"ELEVATE GOVERNMENT AFFAIRS, LLC","COVENANT GOVERNMENT AFFAIRS, LLC",85.71,False
firm_400903639,firm_401105212,MABRY PUBLIC AFFAIRS LLC,PARK&K PUBLIC AFFAIRS LLC,85.71,False
firm_17328,firm_401106268,HALEY & ASSOCIATES,KILEY & ASSOCIATES,88.89,False
firm_401104651,firm_401106174,"NORTH STAR STRATEGIES, LLC","OLD NORTH STRATEGIES, LLC",86.27,False
firm_400703107,firm_15838,"THE GIBSON GROUP, LLC",THE GARRISON GROUP LLC,88.37,False
firm_91774,firm_401107175,"CAPITOL HILL STRATEGIES,  LLC","CAPITOL STRATEGIES US, LLC",85.19,False
firm_25603,firm_401103849,"ML STRATEGIES, LLC","R2P STRATEGIES, LLC",86.49,False
firm_58432,firm_401103849,"PARK STRATEGIES, LLC","R2P STRATEGIES, LLC",87.18,False
firm_29777,firm_401104679,C2 STRATEGIES,CURA STRATEGIES,85.71,False
firm_400927689,firm_401104679,CRANE STRATEGIES,CURA STRATEGIES,90.32,False
firm_401107315,firm_401109383,ONMESSAGE PUBLIC STRATEGIES,CONVERGE PUBLIC STRATEGIES,86.79,False
firm_401104653,firm_401109669,"BOLD STRATEGIES, LLC","B HALL STRATEGIES, LLC",85.71,False
firm_40011081,firm_401106149,"KADESH & ASSOCIATES, LLC","BATIE & ASSOCIATES, LLC",85.11,False
firm_21084,firm_401106149,"KANNER & ASSOCIATES, LLC","BATIE & ASSOCIATES, LLC",85.11,False
firm_400605842,firm_401103260,"W STRATEGIES, LLC","E2 STRATEGIES, LLC",85.71,False
firm_400625900,firm_401107227,"CAPITOL STRATEGIES, LLC","CAPROCK STRATEGIES, LLC",86.96,False
firm_400427054,firm_401107227,"BEDROCK STRATEGIES, LLC","CAPROCK STRATEGIES, LLC",86.96,False
firm_65976,firm_401104271,"CAPITOL TAX PARTNERS, LLP","CAPITOL PARTNERS, LLC",86.96,False
firm_400459241,firm_401104271,CAPITOL HILL PARTNERS,"CAPITOL PARTNERS, LLC",90.48,False
firm_401108183,firm_401103116,LMH STRATEGIC SOLUTIONS,CALFEE STRATEGIC SOLUTIONS,85.71,False
firm_401104684,firm_401104372,COGENT STRATEGIES LLC,CGA STRATEGIES LLC,87.18,False
firm_401104281,firm_401104372,A1.9 STRATEGIES LLC,CGA STRATEGIES LLC,86.49,False
firm_7268,firm_33545,BROYDRICK & ASSOCIATES,ROCK & ASSOCIATES,87.18,False
firm_401105888,firm_11402,PIONEER PUBLIC AFFAIRS,IKON PUBLIC AFFAIRS,87.8,False
firm_400704112,firm_400703103,"CORLEY CONSULTING, LLC","LJ CONSULTING, LLC",85.0,False
firm_79596,firm_400703103,"FENNEL CONSULTING, LLC","LJ CONSULTING, LLC",85.0,False
firm_401057986,firm_401105146,"SBL STRATEGIES, LLC","SIX-7 STRATEGIES, LLC",85.0,False
firm_401104546,firm_401105146,"SIMS STRATEGIES, LLC","SIX-7 STRATEGIES, LLC",87.8,False
firm_401105233,firm_401104667,"IQOM STRATEGIC ADVISORS, LLC","BAILEY STRATEGIC ADVISORS, LLC",86.21,False
firm_307730,firm_401103157,"POLARIS GOVERNMENT RELATIONS, LLC","POTOMAC GOVERNMENT RELATIONS, LLC",87.88,False
firm_401105150,firm_400660986,"MASON STREET CONSULTING, LLC","MASON CONSULTING, LLC",85.71,False
firm_401104140,firm_400660986,"REARDON CONSULTING, LLC","MASON CONSULTING, LLC",86.36,False
firm_400605842,firm_401006842,"W STRATEGIES, LLC","WINN STRATEGIES, LLC",91.89,False
firm_400605842,firm_401104753,"W STRATEGIES, LLC","WANETA STRATEGIES, LLC",87.18,False
firm_400434103,firm_401104753,"WATER STRATEGIES, LLC","WANETA STRATEGIES, LLC",88.37,False
firm_401006842,firm_401104753,"WINN STRATEGIES, LLC","WANETA STRATEGIES, LLC",85.71,False
firm_401104378,firm_401107332,"THE LIAISON GROUP, LLC","THE JACKSON GROUP, LLC",86.36,False
firm_401104445,firm_401103555,"ALPHA STRATEGIES, LLC","ARENA STRATEGIES, LLC",85.71,False
firm_400579747,firm_401103555,"ENDGAME STRATEGIES, LLC","ARENA STRATEGIES, LLC",86.36,False
firm_401103260,firm_401103555,"E2 STRATEGIES, LLC","ARENA STRATEGIES, LLC",87.18,False
firm_401106149,firm_401017872,"BATIE & ASSOCIATES, LLC","JGB & ASSOCIATES, LLC",86.36,False
firm_401103500,firm_401105336,FIERCE GOVERNMENT RELATIONS,GIRARD GOVERNMENT RELATIONS,85.19,False
firm_400500471,firm_401105336,GOTHAM GOVERNMENT RELATIONS,GIRARD GOVERNMENT RELATIONS,85.19,False
firm_25603,firm_401104776,"ML STRATEGIES, LLC",MGD STRATEGIES LLC,88.89,False
firm_401104188,firm_401104815,DMM STRATEGIES,RML STRATEGIES,85.71,False
firm_401104888,firm_401106573,JTR STRATEGIES LLC,GRV STRATEGIES LLC,88.89,False
firm_401104372,firm_401106573,CGA STRATEGIES LLC,GRV STRATEGIES LLC,88.89,False
firm_401104888,firm_401105543,JTR STRATEGIES LLC,FJD STRATEGIES LLC,88.89,False
firm_25603,firm_401105522,"ML STRATEGIES, LLC","PCH STRATEGIES, LLC",86.49,False
firm_58432,firm_401105522,"PARK STRATEGIES, LLC","PCH STRATEGIES, LLC",87.18,False
firm_401106120,firm_401105522,"SCHERTZ STRATEGIES, LLC","PCH STRATEGIES, LLC",85.71,False
firm_401103849,firm_401105522,"R2P STRATEGIES, LLC","PCH STRATEGIES, LLC",89.47,False
firm_318994,firm_401104362,SC PARTNERS LLC,"SMW PARTNERS, LLC",87.5,False
firm_401104684,firm_401108186,COGENT STRATEGIES LLC,CORBIN STRATEGIES LLC,85.71,False
firm_401105638,firm_401104415,H&M STRATEGIES LLP,HR STRATEGIES LLC,85.71,False
firm_401104888,firm_401104415,JTR STRATEGIES LLC,HR STRATEGIES LLC,91.43,False
firm_401103260,firm_401104415,"E2 STRATEGIES, LLC",HR STRATEGIES LLC,85.71,False
firm_401104372,firm_401104415,CGA STRATEGIES LLC,HR STRATEGIES LLC,85.71,False
firm_401106573,firm_401104415,GRV STRATEGIES LLC,HR STRATEGIES LLC,91.43,False
firm_401105543,firm_401104415,FJD STRATEGIES LLC,HR STRATEGIES LLC,85.71,False
firm_306636,firm_400679025,"THE NORMANDY GROUP, LLC","THE RANDEL GROUP, LLC",86.36,False
firm_401016871,firm_400761275,"REPUBLIC CONSULTING, LLC","REPUBLIC CONSULTANTS, LLC",89.8,False
firm_40025211,firm_401108410,"CONFRERE STRATEGIES, LLC","CONVERGENCE STRATEGIES, LLC",86.27,False
firm_401103494,firm_401106227,SIRONA STRATEGIES LLC,SALINAS STRATEGIES LLC,88.37,False
firm_401104546,firm_401106227,"SIMS STRATEGIES, LLC",SALINAS STRATEGIES LLC,85.71,False
firm_401105417,firm_401109357,"ELEVATE GOVERNMENT AFFAIRS, LLC",BELLWETHER GOVERNMENT AFFAIRS LLC,87.5,False
firm_288613,firm_400761276,"THE JOSEPH GROUP, LLC","THE JBH GROUP, LLC",87.18,False
firm_304337,firm_401109721,DUNKEL GOVERNMENT RELATIONS,DUTKO GOVERNMENT RELATIONS,90.57,False
firm_310791,firm_401105026,THE MONDELLO GROUP LLC,"THE ONEILL GROUP, LLC",88.37,False
firm_400679025,firm_401105026,"THE RANDEL GROUP, LLC","THE ONEILL GROUP, LLC",85.71,False
firm_400426039,firm_314374,"CAPITOLINE CONSULTING, LLC","MJ CAPITOL CONSULTING, LLC",88.46,False
firm_310255,firm_400745232,HOWELLS GOVERNMENT RELATIONS,HARLOW GOVERNMENT RELATIONS LLC,88.14,False
firm_401108183,firm_300936,LMH STRATEGIC SOLUTIONS,MCCARTHY STRATEGIC SOLUTIONS,86.27,False
firm_401104930,firm_401109872,"KAE STRATEGIC, LLC","CM STRATEGIC, LLC",85.71,False
firm_401107033,firm_401103718,"RBW GROUP, LLC","MKW GROUP, LLC",85.71,False
firm_400703103,firm_401104807,"LJ CONSULTING, LLC","GLAZE CONSULTING, LLC",87.18,False
firm_401107117,firm_401104807,"LANGLEY CONSULTING, LLC","GLAZE CONSULTING, LLC",86.36,False
firm_401104327,firm_401105640,AVENUE STRATEGIES,ANZU STRATEGIES,87.5,False
firm_310255,firm_401103115,HOWELLS GOVERNMENT RELATIONS,NEXUS GOVERNMENT RELATIONS,85.19,False
firm_58432,firm_401103711,"PARK STRATEGIES, LLC","NEXA STRATEGIES, LLC",85.0,False
firm_401103494,firm_401107177,SIRONA STRATEGIES LLC,MISSION STRATEGIES LLC,88.37,False
firm_17328,firm_17226,HALEY & ASSOCIATES,HAAKE & ASSOCIATES,88.89,False
firm_401104653,firm_401107334,"BOLD STRATEGIES, LLC","KED STRATEGIES, LLC",87.18,False
firm_400579747,firm_401107334,"ENDGAME STRATEGIES, LLC","KED STRATEGIES, LLC",85.71,False
firm_400427054,firm_401107334,"BEDROCK STRATEGIES, LLC","KED STRATEGIES, LLC",85.71,False
firm_401104930,firm_401107334,"KAE STRATEGIC, LLC","KED STRATEGIES, LLC",86.49,False
firm_401103260,firm_401107334,"E2 STRATEGIES, LLC","KED STRATEGIES, LLC",91.89,False
firm_401103555,firm_401107334,"ARENA STRATEGIES, LLC","KED STRATEGIES, LLC",85.0,False
firm_401104837,firm_401107334,KELSAY STRATEGIES LLC,"KED STRATEGIES, LLC",85.0,False
firm_401105543,firm_401107334,FJD STRATEGIES LLC,"KED STRATEGIES, LLC",86.49,False
firm_401104313,firm_401105725,"MILLER STRATEGIES, LLC","MCKINLEY STRATEGIES, LLC",86.96,False
firm_25603,firm_401105725,"ML STRATEGIES, LLC","MCKINLEY STRATEGIES, LLC",85.71,False
firm_29777,firm_401107007,C2 STRATEGIES,JPC STRATEGIES,88.89,False
firm_400703103,firm_401103385,"LJ CONSULTING, LLC",JWF CONSULTING LLC,88.89,False
firm_29777,firm_401103241,C2 STRATEGIES,MACK STRATEGIES,85.71,False
firm_40002018,firm_401109611,"CANSLER CONSULTING, LLC","CANFIELD CONSULTING, LLC",85.11,False
firm_400658979,firm_401103250,"ANNDYL POLICY GROUP, LLC",CANNAE POLICY GROUP LLC,85.11,False
firm_401105219,firm_401109481,CONFLUENCE GOVERNMENT RELATIONS,FRONTLINE GOVERNMENT RELATIONS,85.25,False
firm_401104543,firm_401104124,THE PRENDA GROUP LLC,THE ROTUNDA GROUP LLC,87.8,False
firm_401104718,firm_401106381,HB STRATEGIES,NBS STRATEGIES,88.89,False
firm_401106545,firm_401106381,HSA STRATEGIES,NBS STRATEGIES,85.71,False
firm_25603,firm_401106403,"ML STRATEGIES, LLC",MCCOLL STRATEGIES LLC,87.18,False
firm_401103115,firm_16635,NEXUS GOVERNMENT RELATIONS,GOVERNMENT RELATIONS INC,88.0,False
firm_25603,firm_401105796,"ML STRATEGIES, LLC","RMP STRATEGIES, LLC",91.89,False
firm_401104546,firm_401105796,"SIMS STRATEGIES, LLC","RMP STRATEGIES, LLC",87.18,False
firm_58432,firm_401105796,"PARK STRATEGIES, LLC","RMP STRATEGIES, LLC",87.18,False
firm_401057986,firm_401104918,"SBL STRATEGIES, LLC",SJB STRATEGIES LLC,91.89,False
firm_400951748,firm_400458236,PEYSER ASSOCIATES LLC,PIKE ASSOCIATES LLC,85.0,False
firm_401103482,firm_401106291,WINDWARD STRATEGIES,WINDWARD STRATEGIES LLC,90.48,False
firm_401105753,firm_401103547,AVISE SOLUTIONS,EIS SOLUTIONS,85.71,False
firm_401109283,firm_401107835,"MO STRATEGIES, INC.","RK STRATEGIES, INC.",89.47,False
firm_401104571,firm_401105661,"VNF SOLUTIONS, LLC",VA SOLUTIONS LLC,88.24,False
firm_401104313,firm_401103987,"MILLER STRATEGIES, LLC",MULLETT STRATEGIES LLC,86.36,False
firm_25603,firm_401103987,"ML STRATEGIES, LLC",MULLETT STRATEGIES LLC,85.0,False
firm_66773,firm_401105143,"THE CORMAC GROUP, LLC","THE CACTUS GROUP, LLC",85.71,False
firm_401104281,firm_401106746,A1.9 STRATEGIES LLC,AU STRATEGIES LLC,88.89,False
firm_401104888,firm_401106746,JTR STRATEGIES LLC,AU STRATEGIES LLC,85.71,False
firm_401103260,firm_401106746,"E2 STRATEGIES, LLC",AU STRATEGIES LLC,85.71,False
firm_401104372,firm_401106746,CGA STRATEGIES LLC,AU STRATEGIES LLC,91.43,False
firm_401106573,firm_401106746,GRV STRATEGIES LLC,AU STRATEGIES LLC,85.71,False
firm_401105543,firm_401106746,FJD STRATEGIES LLC,AU STRATEGIES LLC,85.71,False
firm_401104415,firm_401106746,HR STRATEGIES LLC,AU STRATEGIES LLC,88.24,False
firm_401107188,firm_401103948,"YC CONSULTING, LLC","MLT CONSULTING, LLC",86.49,False
firm_400660986,firm_401103948,"MASON CONSULTING, LLC","MLT CONSULTING, LLC",85.0,False
firm_401104391,firm_401103948,MULLEN CONSULTING LLC,"MLT CONSULTING, LLC",85.0,False
firm_25603,firm_401107213,"ML STRATEGIES, LLC","OMEGA STRATEGIES, LLC.",85.0,False
firm_401104776,firm_401107213,MGD STRATEGIES LLC,"OMEGA STRATEGIES, LLC.",85.0,False
firm_401103711,firm_401107213,"NEXA STRATEGIES, LLC","OMEGA STRATEGIES, LLC.",85.71,False
firm_401104445,firm_401104590,"ALPHA STRATEGIES, LLC","AKF STRATEGIES, LLC",85.0,False
firm_401103260,firm_401104590,"E2 STRATEGIES, LLC","AKF STRATEGIES, LLC",86.49,False
firm_401107227,firm_401104590,"CAPROCK STRATEGIES, LLC","AKF STRATEGIES, LLC",85.71,False
firm_401104372,firm_401104590,CGA STRATEGIES LLC,"AKF STRATEGIES, LLC",86.49,False
firm_401103555,firm_401104590,"ARENA STRATEGIES, LLC","AKF STRATEGIES, LLC",85.0,False
firm_401105543,firm_401104590,FJD STRATEGIES LLC,"AKF STRATEGIES, LLC",86.49,False
firm_401107334,firm_401104590,"KED STRATEGIES, LLC","AKF STRATEGIES, LLC",89.47,False
firm_401106746,firm_401104590,AU STRATEGIES LLC,"AKF STRATEGIES, LLC",88.89,False
firm_401104188,firm_401103939,DMM STRATEGIES,GM STRATEGIES,88.89,False
firm_401104815,firm_401103939,RML STRATEGIES,GM STRATEGIES,88.89,False
firm_401103241,firm_401103939,MACK STRATEGIES,GM STRATEGIES,85.71,False
firm_311371,firm_401105223,"FEDERAL SOLUTIONS, LLC","FDJ SOLUTIONS, LLC",85.0,False
firm_401104445,firm_401108082,"ALPHA STRATEGIES, LLC",ALKI STRATEGIES LLC,85.0,False
firm_401104372,firm_401108082,CGA STRATEGIES LLC,ALKI STRATEGIES LLC,86.49,False
firm_401106746,firm_401108082,AU STRATEGIES LLC,ALKI STRATEGIES LLC,88.89,False
firm_401104590,firm_401108082,"AKF STRATEGIES, LLC",ALKI STRATEGIES LLC,89.47,False
firm_401103251,firm_401105333,GOVERNMENT SOLUTIONS LLC,"LINDEN GOVERNMENT SOLUTIONS, LLC",85.71,False
firm_401104787,firm_401104209,SLAIMAN CONSULTING LLC,SKLADANY CONSULTING LLC,88.89,False
firm_33545,firm_401106744,ROCK & ASSOCIATES,ROBIN & ASSOCIATES,85.71,False
firm_400871551,firm_401106744,FRINZI & ASSOCIATES,ROBIN & ASSOCIATES,86.49,False
firm_401103800,firm_82990,MATHIS STRATEGIES,ARTEMIS STRATEGIES,85.71,False
firm_401104888,firm_401104720,JTR STRATEGIES LLC,JLV STRATEGIES LLC,88.89,False
firm_401105216,firm_401104720,EVOLVE STRATEGIES LLC,JLV STRATEGIES LLC,87.18,False
firm_401106573,firm_401104720,GRV STRATEGIES LLC,JLV STRATEGIES LLC,88.89,False
firm_401105543,firm_401104720,FJD STRATEGIES LLC,JLV STRATEGIES LLC,88.89,False
firm_401104415,firm_401104720,HR STRATEGIES LLC,JLV STRATEGIES LLC,85.71,False
firm_401106746,firm_401104720,AU STRATEGIES LLC,JLV STRATEGIES LLC,85.71,False
firm_401108082,firm_401104720,ALKI STRATEGIES LLC,JLV STRATEGIES LLC,86.49,False
firm_401104815,firm_401105034,RML STRATEGIES,LOP STRATEGIES,85.71,False
firm_401107007,firm_401105034,JPC STRATEGIES,LOP STRATEGIES,85.71,False
firm_58432,firm_401099066,"PARK STRATEGIES, LLC",PETRA STRATEGIES LLC,85.0,False
firm_401103711,firm_401099066,"NEXA STRATEGIES, LLC",PETRA STRATEGIES LLC,85.0,False
firm_401104188,firm_401104854,DMM STRATEGIES,GDR STRATEGIES,85.71,False
firm_401104815,firm_401104854,RML STRATEGIES,GDR STRATEGIES,85.71,False
firm_401103939,firm_401104854,GM STRATEGIES,GDR STRATEGIES,88.89,False
firm_401105896,firm_401106054,CROSS POTOMAC CONSULTING LLC,POTOMAC CONSULTING LLC,88.0,False
firm_400683034,firm_400462294,"DC STRATEGIES GROUP, LLC","CAPITOL STRATEGIES GROUP, LLC",86.79,False
firm_400625900,firm_401103811,"CAPITOL STRATEGIES, LLC","MEHLMAN CAPITOL STRATEGIES, LLC",85.19,False
firm_401104718,firm_401105459,HB STRATEGIES,BPO STRATEGIES,88.89,False
firm_401104101,firm_401105459,B+S STRATEGIES,BPO STRATEGIES,85.71,False
firm_401107007,firm_401105459,JPC STRATEGIES,BPO STRATEGIES,85.71,False
firm_401105034,firm_401105459,LOP STRATEGIES,BPO STRATEGIES,85.71,False
firm_400683034,firm_401104382,"DC STRATEGIES GROUP, LLC","EMC STRATEGY GROUP, LLC",85.11,False
firm_70131,firm_401107087,"MERCURY STRATEGIES, LLC","MAVERICK STRATEGIES, LLC",85.11,False
firm_58432,firm_401107087,"PARK STRATEGIES, LLC","MAVERICK STRATEGIES, LLC",86.36,False
firm_401104571,firm_401103156,"VNF SOLUTIONS, LLC","UNIFIED SOLUTIONS, LLC",85.0,False
firm_401103206,firm_401105411,"STRATEGICS CONSULTING, LLC",PLATT STRATEGIC CONSULTING LLC,85.71,False
firm_401106174,firm_77812,"OLD NORTH STRATEGIES, LLC","NORTHPOINT STRATEGIES, LLC",86.27,False
firm_400579747,firm_401103366,"ENDGAME STRATEGIES, LLC","LEGER STRATEGIES, LLC",86.36,False
firm_400531585,firm_401103366,"ALLEGIANCE STRATEGIES, LLC","LEGER STRATEGIES, LLC",85.11,False
firm_401103260,firm_401103366,"E2 STRATEGIES, LLC","LEGER STRATEGIES, LLC",87.18,False
firm_401106573,firm_401103366,GRV STRATEGIES LLC,"LEGER STRATEGIES, LLC",87.18,False
firm_401107334,firm_401103366,"KED STRATEGIES, LLC","LEGER STRATEGIES, LLC",85.0,False
firm_401108016,firm_401108306,COLTON STREET GROUP,CORCORAN STREET GROUP,85.0,False
firm_401104301,firm_69696,MWR CONSULTING,MJWT CONSULTING,89.66,False
firm_401103206,firm_401106666,"STRATEGICS CONSULTING, LLC","MORAN STRATEGIC CONSULTING, LLC.",86.21,False
firm_401104684,firm_401108903,COGENT STRATEGIES LLC,ACUMEN STRATEGIES LLC,85.71,False
firm_401103555,firm_401108903,"ARENA STRATEGIES, LLC",ACUMEN STRATEGIES LLC,85.71,False
firm_401106746,firm_401108903,AU STRATEGIES LLC,ACUMEN STRATEGIES LLC,89.47,False
firm_401103260,firm_401106099,"E2 STRATEGIES, LLC",2020 STRATEGIES LLC,86.49,False
firm_65191,firm_401107988,VENN STRATEGIES,VALENTINE STRATEGIES,85.71,False
firm_23202,firm_401106337,"LPI CONSULTING, INC.","MCB CONSULTING, INC.",85.0,False
firm_401108857,firm_401109805,ZERO ONE STRATEGIES,ZERO MILE STRATEGIES,87.18,False
firm_401104188,firm_401105126,DMM STRATEGIES,MLJ STRATEGIES,85.71,False
firm_401105034,firm_47336,LOP STRATEGIES,LOWRY STRATEGIES,86.67,False
firm_400605842,firm_401104860,"W STRATEGIES, LLC",VS STRATEGIES LLC,88.24,False
firm_401104769,firm_401108650,FEROX STRATEGIES,FEROX STRATEGIES II,91.43,False
firm_25603,firm_401103804,"ML STRATEGIES, LLC","RUHLEN STRATEGIES, LLC",85.0,False
firm_401104213,firm_401105138,"BC CONSULTING, LLC","BERNI CONSULTING, LLC",87.18,False
firm_293370,firm_401105138,"CLYBURN CONSULTING, LLC","BERNI CONSULTING, LLC",86.36,False
firm_401109653,firm_401105302,THE BERNHARDT GROUP LLC,THE BURNHAM GROUP LLC,86.36,False
firm_314215,firm_400953755,"MATTOON & ASSOCIATES, LLC","PATTEN & ASSOCIATES, LLC",89.8,False
firm_401105613,firm_400953755,"TRAUTWEIN & ASSOCIATES, LLC","PATTEN & ASSOCIATES, LLC",86.27,False
firm_58432,firm_401106361,"PARK STRATEGIES, LLC","PATRIOT STRATEGIES, LLC",88.37,False
firm_400566695,firm_401106361,"NATIONAL STRATEGIES, LLC","PATRIOT STRATEGIES, LLC",85.11,False
firm_401103948,firm_401103647,"MLT CONSULTING, LLC",MXM CONSULTING LLC,86.49,False
firm_400605842,firm_401106143,"W STRATEGIES, LLC","A2 STRATEGIES, LLC",85.71,False
firm_401104281,firm_401106143,A1.9 STRATEGIES LLC,"A2 STRATEGIES, LLC",86.49,False
firm_401104445,firm_401106143,"ALPHA STRATEGIES, LLC","A2 STRATEGIES, LLC",87.18,False
firm_401109669,firm_401106143,"B HALL STRATEGIES, LLC","A2 STRATEGIES, LLC",85.0,False
firm_401105417,firm_401106816,"ELEVATE GOVERNMENT AFFAIRS, LLC","ERA GOVERNMENT AFFAIRS, LLC",89.66,False
firm_401109030,firm_401106816,"COVENANT GOVERNMENT AFFAIRS, LLC","ERA GOVERNMENT AFFAIRS, LLC",88.14,False
firm_401104445,firm_401107923,"ALPHA STRATEGIES, LLC","BARSA STRATEGIES, LLC",85.71,False
firm_401103555,firm_401107923,"ARENA STRATEGIES, LLC","BARSA STRATEGIES, LLC",90.48,False
firm_401104590,firm_401107923,"AKF STRATEGIES, LLC","BARSA STRATEGIES, LLC",85.0,False
firm_401106956,firm_401107923,"GRACE BAY STRATEGIES, LLC","BARSA STRATEGIES, LLC",86.96,False
firm_401104626,firm_401109974,ARDENT STRATEGIES,CURRENT STRATEGIES,85.71,False
firm_29777,firm_401106114,C2 STRATEGIES,2359 STRATEGIES,85.71,False
firm_401104888,firm_401105565,JTR STRATEGIES LLC,LJ STRATEGIES LLC,91.43,False
firm_401104653,firm_401105565,"BOLD STRATEGIES, LLC",LJ STRATEGIES LLC,86.49,False
firm_401103260,firm_401105565,"E2 STRATEGIES, LLC",LJ STRATEGIES LLC,85.71,False
firm_401104372,firm_401105565,CGA STRATEGIES LLC,LJ STRATEGIES LLC,85.71,False
firm_401106573,firm_401105565,GRV STRATEGIES LLC,LJ STRATEGIES LLC,85.71,False
firm_401105543,firm_401105565,FJD STRATEGIES LLC,LJ STRATEGIES LLC,91.43,False
firm_401104415,firm_401105565,HR STRATEGIES LLC,LJ STRATEGIES LLC,88.24,False
firm_401106746,firm_401105565,AU STRATEGIES LLC,LJ STRATEGIES LLC,88.24,False
firm_401108082,firm_401105565,ALKI STRATEGIES LLC,LJ STRATEGIES LLC,88.89,False
firm_401104720,firm_401105565,JLV STRATEGIES LLC,LJ STRATEGIES LLC,91.43,False
firm_401006842,firm_401104410,"WINN STRATEGIES, LLC","WELLINGTON STRATEGIES, LLC.",85.11,False
firm_13882,firm_401106898,ETKA CONSULTING,EB CONSULTING,85.71,False
firm_25603,firm_401104903,"ML STRATEGIES, LLC","REM STRATEGIES, LLC",91.89,False
firm_401104546,firm_401104903,"SIMS STRATEGIES, LLC","REM STRATEGIES, LLC",87.18,False
firm_58432,firm_401104903,"PARK STRATEGIES, LLC","REM STRATEGIES, LLC",87.18,False
firm_401103849,firm_401104903,"R2P STRATEGIES, LLC","REM STRATEGIES, LLC",89.47,False
firm_401104776,firm_401104903,MGD STRATEGIES LLC,"REM STRATEGIES, LLC",86.49,False
firm_401103711,firm_401104903,"NEXA STRATEGIES, LLC","REM STRATEGIES, LLC",87.18,False
firm_401103804,firm_401104903,"RUHLEN STRATEGIES, LLC","REM STRATEGIES, LLC",87.8,False
firm_306374,firm_401105255,PHB PUBLIC AFFAIRS,BASS PUBLIC AFFAIRS,86.49,False
firm_400605842,firm_401104251,"W STRATEGIES, LLC","TUSK STRATEGIES, LLC",86.49,False
firm_401104860,firm_401104251,VS STRATEGIES LLC,"TUSK STRATEGIES, LLC",86.49,False
firm_401103346,firm_83490,"EDNEXUS ADVISORS, LLC","EDENS ADVISORY, LLC",85.0,False
firm_400605842,firm_401103117,"W STRATEGIES, LLC","B3 STRATEGIES, LLC",85.71,False
firm_401104653,firm_401103117,"BOLD STRATEGIES, LLC","B3 STRATEGIES, LLC",89.47,False
firm_401109669,firm_401103117,"B HALL STRATEGIES, LLC","B3 STRATEGIES, LLC",85.0,False
firm_401103260,firm_401103117,"E2 STRATEGIES, LLC","B3 STRATEGIES, LLC",88.89,False
firm_401104415,firm_401103117,HR STRATEGIES LLC,"B3 STRATEGIES, LLC",85.71,False
firm_401107334,firm_401103117,"KED STRATEGIES, LLC","B3 STRATEGIES, LLC",86.49,False
firm_401106746,firm_401103117,AU STRATEGIES LLC,"B3 STRATEGIES, LLC",85.71,False
firm_401104590,firm_401103117,"AKF STRATEGIES, LLC","B3 STRATEGIES, LLC",86.49,False
firm_401107923,firm_401103117,"BARSA STRATEGIES, LLC","B3 STRATEGIES, LLC",87.18,False
firm_401105565,firm_401103117,LJ STRATEGIES LLC,"B3 STRATEGIES, LLC",85.71,False
firm_401103948,firm_401104173,"MLT CONSULTING, LLC",RNL CONSULTING LLC,86.49,False
firm_401105929,firm_401109379,"TEN GOVERNMENT STRATEGIES, LLC","RAAB GOVERNMENT STRATEGIES, LLC",85.25,False
firm_400427054,firm_401108157,"BEDROCK STRATEGIES, LLC","E2C STRATEGIES, LLC",85.71,False
firm_401104653,firm_401103200,"BOLD STRATEGIES, LLC","D&D STRATEGIES, LLC",87.18,False
firm_401103260,firm_401103200,"E2 STRATEGIES, LLC","D&D STRATEGIES, LLC",86.49,False
firm_401105543,firm_401103200,FJD STRATEGIES LLC,"D&D STRATEGIES, LLC",86.49,False
firm_401107334,firm_401103200,"KED STRATEGIES, LLC","D&D STRATEGIES, LLC",89.47,False
firm_401103117,firm_401103200,"B3 STRATEGIES, LLC","D&D STRATEGIES, LLC",86.49,False
firm_401104132,firm_401107348,PINE STREET STRATEGIES,"PRINCE STREET STRATEGIES, LLC",86.27,False
firm_401107188,firm_401108409,"YC CONSULTING, LLC","STOICK CONSULTING, LLC",85.0,False
firm_401106551,firm_401109270,"TIDAL STRATEGIES, LLC",TALLEY STRATEGIES LLC,85.71,False
firm_8101,firm_401108728,"CAPITOL ASSOCIATES, INC.",CAPITOL HILL ASSOCIATES,85.11,False
firm_400944725,firm_401107053,DOGWOOD STRATEGIES,DOGWOOD STRATEGIES INC,90.0,False
firm_60537,firm_401103148,"IETAN CONSULTING, LLC","FRANZ CONSULTING, LLC",85.71,False
firm_401104807,firm_401103148,"GLAZE CONSULTING, LLC","FRANZ CONSULTING, LLC",85.71,False
firm_316571,firm_401105531,"LINCHPIN STRATEGIES, LLC","FINN STRATEGIES, LLC",86.36,False
firm_401105998,firm_401105531,"GRIFFIN STRATEGIES, LLC","FINN STRATEGIES, LLC",88.37,False
firm_401104590,firm_401105531,"AKF STRATEGIES, LLC","FINN STRATEGIES, LLC",87.18,False
firm_401106115,firm_401106309,"GORMAN STRATEGY GROUP, TOO",GORMAN STRATEGY GROUP,89.36,False
firm_401107560,firm_401105193,"THE 51 GROUP, LLC","THE BLC GROUP, LLC",85.71,False
firm_401104188,firm_401108921,DMM STRATEGIES,MVP STRATEGIES,85.71,False
firm_401104815,firm_401108921,RML STRATEGIES,MVP STRATEGIES,85.71,False
firm_401107007,firm_401108921,JPC STRATEGIES,MVP STRATEGIES,85.71,False
firm_401103939,firm_401108921,GM STRATEGIES,MVP STRATEGIES,88.89,False
firm_401105034,firm_401108921,LOP STRATEGIES,MVP STRATEGIES,85.71,False
firm_401105459,firm_401108921,BPO STRATEGIES,MVP STRATEGIES,85.71,False
firm_16635,firm_401106713,GOVERNMENT RELATIONS INC,MERIDIAN GOVERNMENT RELATIONS,86.79,False
firm_400816427,firm_401108803,"D SQUARED TAX STRATEGIES, LLC",G SQUARED STRATEGIES LLC,86.79,False
client_00106,client_00112,UNIVERSITY OF CALIFORNIA,CALIFORNIA STATE UNIVERSITY,86.27,False
firm_87392,client_00175,CCMSC CORPORATION,CBS CORPORATION,87.5,False
client_00127,client_00175,BASF CORPORATION,CBS CORPORATION,90.32,False
client_00298,client_00308,"SAREPTA THERAPEUTICS, INC.","SPARK THERAPEUTICS, INC.",88.0,False
client_00041,client_00310,"LUMEN TECHNOLOGIES, INC.","L3 TECHNOLOGIES, INC.",88.89,False
firm_286017,client_00320,ASSOCIATION OF EQUIPMENT MANUFACTURERS,MOTOR & EQUIPMENT MANUFACTURERS ASSOCIATION,91.36,False
client_00207,client_00383,AON CORPORATION,ARCONIC CORPORATION,88.24,False
client_00062,client_00435,SELECT MEDICAL HOLDINGS CORPORATION,SELECT MEDICAL CORPORATION,85.25,False
client_00211,client_00494,SONY PICTURES ENTERTAINMENT INC.,SONY PICTURES ENTERTAINMENT,91.53,False
firm_38687,client_00522,"TWENTY-FIRST CENTURY GROUP, INC.","TWENTY-FIRST CENTURY FOX, INC.",90.32,False
client_00260,client_00543,CERBERUS CAPITAL MANAGEMENT,"CERBERUS CAPITAL MANAGEMENT, L.P.",90.0,False
client_00332,client_00567,KLA CORPORATION,PPL CORPORATION,86.67,False
client_00260,client_00658,CERBERUS CAPITAL MANAGEMENT,"CERBERUS CAPITAL MANAGEMENT, L.P.",90.0,False
client_00005,client_00911,AMERICA'S HEALTH INSURANCE PLANS INC (AHIP),AMERICA'S HEALTH INSURANCE PLANS,85.33,False
client_00212,client_00933,NATIONAL ASSOCIATION OF BENEFITS AND INSURANCE PROFESSIONALS,NATIONAL ASSOCIATION OF PROFESSIONAL INSURANCE AGENTS,86.73,False
client_00486,client_01000,UNIVERSITY OF ALASKA,UNIVERSITY OF NEBRASKA,85.71,False
client_00040,client_01033,GOLDMAN SACHS GROUP INC,"THE GOLDMAN SACHS GROUP, INC",90.2,False
client_00015,client_01057,"AIR TRANSPORT ASSOCIATION OF AMERICA, INC. (D/B/A AIRLINES FOR AMERICA)",AIRLINES FOR AMERICA (FORMERLY AIR TRANSPORT ASSOCIATION OF AMERICA INC.),88.89,False
client_00630,client_01099,MASCO CORPORATION,SYSCO CORPORATION,88.24,False
firm_87392,client_01154,CCMSC CORPORATION,CAMECO CORPORATION,85.71,False
client_00232,client_01172,BRIDGESTONE AMERICAS INC,BRIDGESTONE AMERICAS HOLDING INC,85.71,False
client_00210,client_01184,AMERICAN RESORT DEVELOPMENT ASSN,AMERICAN RESORT DEVELOPMENT ASSOCIATION,90.14,False
client_00859,client_01239,"DENDREON PHARMACEUTICALS, LLC",CENTRIENT PHARMACEUTICALS LLC,86.21,False
client_00480,client_01254,ENERGY TRANSFER PARTNERS,"ENERGY TRANSFER PARTNERS, L.P.",88.89,False
firm_401107305,client_01261,HNI CORPORATION,HNTB CORPORATION,90.32,False
client_00490,client_01264,NATIONAL TELECOMMUNICATIONS COOPERATIVE ASSOCIATION,NATIONAL CABLE & TELECOMMUNICATIONS ASSOCIATION,87.76,False
client_00837,client_01287,"FOUNDATION MEDICINE, INC.",FOUNDATION MEDICINE,86.36,False
client_00114,client_01301,APOLLO GLOBAL MANAGEMENT,APOLLO MANAGEMENT LP,86.36,False
firm_13712,client_01324,"EOP GROUP, INC.","CME GROUP, INC.",86.67,False
client_00718,client_01335,LARGE UROLOGY GROUP PRACTICE ASSOCIATION,LARGE UROLOGY GROUP PRACTICE ASSOCIATION (LUGPA),90.91,False
client_00486,client_01351,UNIVERSITY OF ALASKA,UNIVERSITY OF KANSAS,85.0,False
client_00476,client_01366,FINANCIAL OVERSIGHT & MANAGEMENT BOARD OF PUERTO RICO,FINANCIAL OVERSIGHT AND MANAGEMENT BOARD FOR PUERTO RICO,89.91,False
client_00490,client_01385,NATIONAL TELECOMMUNICATIONS COOPERATIVE ASSOCIATION,NATIONAL CABLE AND TELECOMMUNICATIONS ASSOCIATION,86.0,False
firm_401017872,client_01395,"JGB & ASSOCIATES, LLC",GBX ASSOCIATES LLC,87.18,False
client_01264,client_01399,NATIONAL CABLE & TELECOMMUNICATIONS ASSOCIATION,"NATIONAL CABLE AND TELECOMMUNICATIONS ASSOCIATION (""NCTA"")",87.62,False
client_00986,client_01400,NATURAL GAS SUPPLY ASSOCIATION,NATURAL GAS SUPPLY ASSN,86.79,False
client_01076,client_01410,WINDOW COVERING MANUFACTURERS ASSOCIATION,WINDOW AND DOOR MANUFACTURERS ASSOCIATION,85.37,False
client_01023,client_01459,DYNAVAX TECHNOLOGIES,DYNAVAX TECHNOLOGIES CORP.,86.96,False
client_00480,client_01470,ENERGY TRANSFER PARTNERS,"ENERGY TRANSFER PARTNERS, L.P.",88.89,False
client_00044,client_01487,"SALESFORCE, INC.",SALESFORCE.COM INC.,85.71,False
client_00053,client_01493,AMERICAN CLINICAL LABORATORY ASSN,AMERICAN CLINICAL LABORATORY ASSOCIATION,90.41,False
client_00519,client_01499,PRINCETON UNIVERSITY,RICE UNIVERSITY,85.71,False
client_00127,client_01508,BASF CORPORATION,BALL CORPORATION,87.5,False
client_00585,client_01509,"BEONE MEDICINES USA, INC (FORMERLY BEIGENE USA, INC.)","BEONE MEDICINES USA, INC. (FKA BEIGENE USA, INC.)",90.2,False
client_00279,client_01533,LARGE PUBLIC POWER COUNCIL,PUBLIC POWER COUNCIL,86.96,False
client_01517,client_01535,AMERICAN RENTAL ASSOCIATION,AMERICAN HOSPITAL ASSOCIATION,85.71,False
client_00020,client_01540,NATIONAL ASSOCIATION OF CHILDREN'S HOSPITALS (N.A.C.H.),NATIONAL ASSOCIATION OF CHILDREN'S HOSPITALS,88.89,False
client_00495,client_01579,"QVC GROUP, INC.","LHC GROUP, INC.",86.67,False
client_01427,client_01623,"H&R BLOCK MANAGEMENT, LLC",H & R BLOCK MANAGEMENT LLC,86.27,False
client_00255,client_01653,ACADIA PHARMACEUTICALS,"ACADIA PHARMACEUTICALS, INC.",88.0,False
client_00511,client_01674,"STRIPE, INC.","STRIDE, INC.",91.67,False
client_00085,client_01680,REINSURANCE ASSN OF AMERICA,AMERICAN INSURANCE ASSN,88.0,False
client_01031,client_01682,SRC INC.,SERCO INC.,88.89,False
client_00092,client_01740,PRIMERICA LIFE INSURANCE COMPANY,PACIFIC LIFE INSURANCE COMPANY,87.1,False
client_00029,client_01765,EXELON BUSINESS SERVICES LLC,"EXELON BUSINESS SERVICES CO., LLC",91.8,False
client_00683,client_01818,INTERNATIONAL BOTTLED WATER ASSOCIATION (IBWA),INTERNATIONAL BOTTLED WATER ASSOCIATION,91.76,False
client_00132,client_01821,"JAZZ PHARMACEUTICALS, INC.",JAZZ PHARMACEUTICALS,86.96,False
client_01582,client_01830,UNIVERSITY OF MISSISSIPPI,MISSISSIPPI STATE UNIVERSITY,86.79,False
client_01684,client_01846,TRIMBLE NAVIGATION LIMITED,TRIMBLE NAVIGATION LTD,91.67,False
client_01553,client_01850,UNIVERSITY OF PHOENIX,"UNIVERSITY OF PHOENIX, INC.",87.5,False
client_01430,client_01907,TEXAS HOSPITAL ASSOCIATION,IOWA HOSPITAL ASSOCIATION,86.27,False
client_00332,client_01919,KLA CORPORATION,NIKOLA CORPORATION,90.91,False
client_01274,client_01925,LOYOLA UNIVERSITY CHICAGO,UNIVERSITY OF CHICAGO,86.96,False
client_01896,client_01934,COMPRESSED GAS ASSOCIATION,"COMPRESSED GAS ASSOCIATION, INC.",89.66,False
client_00310,client_01989,"L3 TECHNOLOGIES, INC.","SIGA TECHNOLOGIES, INC.",86.36,False
client_01439,client_02003,HARTFORD FINANCIAL SERVICES GROUP,"THE HARTFORD FINANCIAL SERVICES GROUP, INC.",86.84,False
firm_401106266,client_02059,"OCEAN SPRAY CRANBERRIES, INC",OCEAN SPRAY CRANBERRIES,90.2,False
client_01760,client_02068,"AMAZON.COM SERVICES, INC.",AMAZON.COM SERVICES LLC,87.5,False
client_01485,client_02077,NATIONAL LIFELINE ASSOCIATION,NATIONAL LIMOUSINE ASSOCIATION,88.14,False
client_00020,client_02092,NATIONAL ASSOCIATION OF CHILDREN'S HOSPITALS (N.A.C.H.),NATIONAL ASSOCIATION OF CHILDREN'S HOSPITALS,88.89,False
client_00608,client_02107,INTERNATIONAL SWAPS & DERIVATIVES ASSOCIATION INC,INTERNATIONAL SWAPS AND DERIVATIVES ASSOCIATION,91.67,False
client_00025,client_02157,"HORIZON THERAPEUTICS USA, INC. (FKA HORIZON PHARMA USA, INC.)",HORIZON THERAPEUTICS (F/K/A) HORIZON PHARMA USA INC,85.71,False
client_01236,client_02159,OHIO FARM BUREAU FEDERATION,MISSOURI FARM BUREAU FEDERATION,86.21,False
client_00999,client_02165,UNITEDHEALTH GROUP,"UNITEDHEALTH GROUP, INC.",85.71,False
client_01576,client_02168,AMAZON CORPORATE LLC,AMAZON CORPORATE,88.89,False
client_00977,client_02228,GREATER NEW YORK HOSPITAL ASSN,GREATER NEW YORK HOSPITAL ASSOCIATION,89.55,False
client_01396,client_02254,HYUNDAI MOTOR COMPANY,"HYUNDAI MOTOR COMPANY, LTD.",87.5,False
client_00567,client_02272,PPL CORPORATION,PHLOW CORPORATION,87.5,False
client_01621,client_02276,BROWARD COUNTY FLORIDA,"BROWARD COUNTY, FL",85.0,False
client_01655,client_02297,ALTRIA CLIENT SERVICES,"ALTRIA CLIENT SERVICES, LLC",89.8,False
client_01747,client_02324,BAVARIAN NORDIC INC.,BAVARIAN NORDIC,85.71,False
firm_401104430,client_02334,"EFB ADVOCACY, LLC","HCBS ADVOCACY, LLC",85.71,False
firm_401107390,client_02334,"DC ADVOCACY, LLC","HCBS ADVOCACY, LLC",88.24,False
client_00212,client_02341,NATIONAL ASSOCIATION OF BENEFITS AND INSURANCE PROFESSIONALS,NATIONAL ASSOCIATION OF BENEFITS AND INSURANCE PROFESSIONALS (FKA NAHU),91.6,False
client_01463,client_02342,CALIFORNIA ASSOCIATION OF REALTORS,NATIONAL ASSOCIATION OF REALTORS,87.88,False
client_01760,client_02364,"AMAZON.COM SERVICES, INC.",AMAZON.COM SERVICES LLC,87.5,False
client_00557,client_02366,AMERICAN COLLEGE OF PHYSICIANS,AMERICAN COLLEGE OF EMERGENCY PHYSICIANS,85.71,False
client_00847,client_02367,THE AMERICAN COUNCIL OF LIFE INSURERS,AMERICAN COUNCIL OF LIFE INSURERS (ACLI),85.71,False
client_00564,client_02396,THE UNIVERSITY OF NORTH CAROLINA SYSTEM,NORTH CAROLINA STATE UNIVERSITY,85.71,False
client_01493,client_02405,AMERICAN CLINICAL LABORATORY ASSOCIATION,AMERICAN CLINICAL LABORATORY ASSOCIATION (ACLA),91.95,False
client_00935,client_02409,DAIMLER TRUCK NORTH AMERICA LLC,DAIMLER TRUCKS NORTH AMERICA,91.53,False
client_00025,client_02415,"HORIZON THERAPEUTICS USA, INC. (FKA HORIZON PHARMA USA, INC.)","HORIZON THERAPEUTICS USA, INC. (FORMERLY KNOWN AS HORIZON PHARMA USA, INC.)",88.24,False
client_01989,client_02424,"SIGA TECHNOLOGIES, INC.",SIGA TECHNOLOGIES,85.0,False
client_00150,client_02428,AMERICAN ACADEMY OF NEUROLOGY,AMERICAN ACADEMY OF DERMATOLOGY,90.0,False
client_00331,client_02439,UNIVERSITY OF COLORADO,COLORADO STATE UNIVERSITY,85.11,False
client_01489,client_02458,TC ENERGY CORPORATION,NUSTAR ENERGY CORPORATION,86.96,False
client_01125,client_02462,SHARE OUR STRENGTH,"SHARE OUR STRENGTH, INC.",85.71,False
client_00993,client_02482,RTX CORPORATION,EQT CORPORATION,86.67,False
client_00961,client_02523,ENERGY INFRASTRUCTURE COUNCIL FKA MASTER LIMITED PARTNERSHIP ASSOCIATION,ENERGY INFRASTRUCTURE COUNCIL (FKA MASTER LIMITED PARTNERSHIP ASSOC),88.57,False
client_00975,client_02543,"AT&T SERVICES, INC.","APA SERVICES, INC.",86.49,False
client_01617,client_02543,"ARAMARK SERVICES, INC.","APA SERVICES, INC.",85.0,False
client_00854,client_02550,CENTERPOINT ENERGY,"CENTERPOINT ENERGY, INC.",85.71,False
client_00550,client_02576,OPTIONS CLEARING CORPORATION (OCC),OPTIONS CLEARING CORPORATION,90.32,False
client_02205,client_02577,PACIFIC GAS AND ELECTRIC,PACIFIC GAS & ELECTRIC,91.3,False
client_00215,client_02619,"SIERRA NEVADA COMPANY, LLC",SIERRA NEVADA COMPANY,89.36,False
client_00247,client_02627,"SUMITOMO PHARMA AMERICA, INC. (FORMERLY SUNOVION PHARMACEUTICALS INC.)","SUMITOMO PHARMA CO., LTD. (FORMERLY SUNOVION PHARMACEUTICALS, INC.)",87.59,False
client_00649,client_02633,ASSURED GUARANTY LTD. (AGL),ASSURED GUARANTY LTD,85.11,False
client_01730,client_02650,VISTRA ENERGY (FKA ENERGY FUTURE HOLDINGS),VISTRA ENERGY CORP (FORMERLY ENERGY FUTURE HOLDINGS),85.11,False
client_01426,client_02664,CARLYLE INVESTMENT MANAGEMENT,"CARLYLE INVESTMENT MANAGEMENT, INC.",90.62,False
firm_401104317,client_02671,"LAMONT CONSULTING SERVICES, LLC","HURON CONSULTING SERVICES, LLC.",87.1,False
client_00112,client_02695,CALIFORNIA STATE UNIVERSITY,FLORIDA STATE UNIVERSITY,86.27,False
client_02439,client_02695,COLORADO STATE UNIVERSITY,FLORIDA STATE UNIVERSITY,85.71,False
client_00884,client_02709,"KOCH GOVERNMENT AFFAIRS, LLC",KOCH GOVERNMENT AFFAIRS,90.2,False
client_00041,client_02757,"LUMEN TECHNOLOGIES, INC.",LUMEN TECHNOLOGIES,85.71,False
client_01292,client_02783,UNIVERSITY OF IOWA,UNIVERSITY OF IDAHO,86.49,False
client_01925,client_02783,UNIVERSITY OF CHICAGO,UNIVERSITY OF IDAHO,85.0,False
client_01800,client_02808,CANADIAN NATIONAL RAILROAD,CANADIAN NATIONAL RAILWAY,90.2,False
client_00510,client_02842,VITAS HEALTHCARE CORPORATION,TENET HEALTHCARE CORPORATION,85.71,False
client_00339,client_02857,AMERICAN SOYBEAN ASSOCIATION,AMERICAN BURN ASSOCIATION,86.79,False
client_00573,client_02857,AMERICAN BEVERAGE ASSOCIATION,AMERICAN BURN ASSOCIATION,85.19,False
client_01517,client_02857,AMERICAN RENTAL ASSOCIATION,AMERICAN BURN ASSOCIATION,88.46,False
client_02272,client_02876,PHLOW CORPORATION,LOEWS CORPORATION,88.24,False
client_02205,client_02894,PACIFIC GAS AND ELECTRIC,PACIFIC GAS AND ELECTRIC COMPANY,85.71,False
client_01780,client_02911,BLINK CHARGING CO.,BLINK CHARGING COMPANY,85.0,False
client_02715,client_02928,UNIVERSITY OF NEW MEXICO,NEW MEXICO STATE UNIVERSITY,86.27,False
client_01422,client_02949,"DIRECTORS GUILD OF AMERICA, INC.",DIRECTORS GUILD OF AMERICA,89.66,False
client_01141,client_02954,"DJI TECHNOLOGY, INC.","ICON TECHNOLOGY, INC.",87.8,False
client_01277,client_02954,"BOOM TECHNOLOGY, INC.","ICON TECHNOLOGY, INC.",85.71,False
client_02905,client_02965,AMPUTEE COALITION,THE AMPUTEE COALITION,89.47,False
client_02127,client_03005,CITY OF LAS VEGAS,CITY OF NORTH LAS VEGAS,85.0,False
firm_401107835,client_03028,"RK STRATEGIES, INC.","SPIDER STRATEGIES, INC.",85.71,False
client_01574,client_03065,UNIVERSITY OF HOUSTON,UNIVERSITY OF HOUSTON SYSTEM,85.71,False
client_00175,client_03078,CBS CORPORATION,CERUS CORPORATION,87.5,False
client_01938,client_03090,MODERNA US INC.,"MODERNA, INC.",85.71,False
client_00298,client_03098,"SAREPTA THERAPEUTICS, INC.","SAGE THERAPEUTICS, INC.",89.8,False
client_00308,client_03098,"SPARK THERAPEUTICS, INC.","SAGE THERAPEUTICS, INC.",89.36,False
client_00393,client_03098,SAGE THERAPEUTICS,"SAGE THERAPEUTICS, INC.",85.0,False
client_02737,client_03110,THE ANSCHUTZ CORPORATION,ANSCHUTZ CORPORATION,90.91,False
client_00038,client_03134,ADVANCED MEDICAL TECHNOLOGY ASSN,ADVANCED MEDICAL TECHNOLOGY ASSOCIATION,90.14,False
client_02476,client_03137,ANDURIL INDUSTRIES,"ANDURIL INDUSTRIES, INC",87.8,False
client_02634,client_03139,CELANESE CORPORATION,CENTENE CORPORATION,87.18,False
client_02679,client_03160,PTC THERAPEUTICS,SPR THERAPEUTICS,87.5,False
client_00705,client_03190,"GEVO, INC.","GEOST, INC.",85.71,False
client_01292,client_03199,UNIVERSITY OF IOWA,UNIVERSITY OF ARIZONA,87.18,False
client_02751,client_03208,HCA HEALTHCARE,AIS HEALTHCARE,85.71,False
client_02277,client_03214,CHENEGA CORPORATION,CIENA CORPORATION,88.89,False
client_02637,client_03215,CONSUMER BRANDS ASSOCIATION,CONSUMER BANKERS ASSOCIATION,90.91,False
client_00630,client_03259,MASCO CORPORATION,FMC CORPORATION,87.5,False
client_01499,client_03275,RICE UNIVERSITY,TRINE UNIVERSITY,90.32,False
client_00284,client_03302,W.L. GORE & ASSOCIATES,W. L. GORE & ASSOCIATES,88.89,False
client_00052,client_03308,"THE TRAVELERS COS., INC. AND SUBSIDIARIES","TRAVELERS COMPANIES, INC. AND SUBSIDIARIES",86.75,False
client_02383,client_03318,ADOBE SYSTEMS INC.,"BAE SYSTEMS, INC.",85.71,False
client_03323,client_03327,CALIFORNIA HOSPITAL ASSOCIATION,FLORIDA HOSPITAL ASSOCIATION,88.14,False
client_01767,client_03367,GOOGLE CLIENT SERVICES,GOOGLE CLIENT SERVICES LLC,91.67,False
client_00109,client_03387,STANLEY BLACK & DECKER,"STANLEY BLACK & DECKER, INC.",88.0,False
client_01208,client_03414,TEXAS ASSOCIATION FOR HOME CARE & HOSPICE,NATIONAL ASSOCIATION FOR HOME CARE & HOSPICE,89.41,False
client_02747,client_03448,"CISCO SYSTEMS, INC.","CASA SYSTEMS, INC.",86.49,False
client_03318,client_03448,"BAE SYSTEMS, INC.","CASA SYSTEMS, INC.",85.71,False
client_01333,client_03470,KRATOS DEFENSE & SECURITY SOLUTIONS,"KRATOS DEFENSE & SECURITY SOLUTION, INC.",90.67,False
client_02868,client_03479,"NMI HOLDINGS, INC.","ONEMAIN HOLDINGS, INC.",90.0,False
client_02906,client_03535,AICPA ASSOCIATION OF INTERNATIONAL CERTIFIED PROFESSIONAL ACCOUNTANTS,ASSOCIATION OF INTERNATIONAL CERTIFIED PROFESSIONAL ACCOUNTANTS (AICPA),90.0,False
client_01948,client_03538,CITADEL ENTERPRISE AMERICAS SERVICES LLC,CITADEL ENTERPRISE AMERICAS LLC,87.32,False
client_03171,client_03550,INSTITUTIONAL SHAREHOLDER SERVICES,INSTITUTIONAL SHAREHOLDER SERVICES INC. (ISS),86.08,False
client_01045,client_03555,KANSAS STATE UNIVERSITY,MONTANA STATE UNIVERSITY,85.11,False
client_01476,client_03568,COALITION FOR THE 21ST CENTURY,THE COALITION FOR 21ST CENTURY MEDICINE,86.96,False
client_03302,client_03573,W. L. GORE & ASSOCIATES,"W. L. GORE & ASSOCIATES, INC.",88.46,False
client_01808,client_03604,ELI LILLY & COMPANY,ELI LILLY AND COMPANY,90.0,False
client_00086,client_03642,UNITED LAUNCH ALLIANCE LLC,UNITED LAUNCH ALLIANCE,91.67,False
client_00473,client_03678,GLENMARK PHARMACEUTICALS USA,"GLENMARK PHARMACEUTICALS, INC., USA",88.89,False
client_02720,client_03688,SAN JOAQUIN COUNTY FLOOD CONTROL AND WATER CONSERVATION DISTRICT,NAPA COUNTY FLOOD CONTROL AND WATER CONSERVATION DISTRICT,90.91,False
client_00175,client_03719,CBS CORPORATION,ARCBEST CORPORATION,88.24,False
client_03496,client_03745,RECKITT BENCKISER LLC,RECKITT BENCKISER,89.47,False
client_02760,client_03750,STRYKER CORPORATION,STERIS CORPORATION,86.49,False
firm_288293,client_03752,"THE CJR GROUP, INC.",THE CSL GROUP INC.,86.49,False
client_00438,client_03752,THE COOK GROUP INC.,THE CSL GROUP INC.,86.49,False
firm_401105223,client_03786,"FDJ SOLUTIONS, LLC","BDV SOLUTIONS, LLC",88.89,False
client_00781,client_03789,BIOTECHNOLOGY INDUSTRY ORGANIZATION,"(""BIO"") BIOTECHNOLOGY INDUSTRY ORGANIZATION",89.74,False
client_02014,client_03820,DISH NETWORK,DISH NETWORK LLC,85.71,False
client_01863,client_03840,"LUMEN TECHNOLOGIES, INC. (FORMERLY CENTURYLINK, INC.)","LUMEN TECHNOLOGIES (FORMERLY KNOWN AS CENTURYLINK, INC.)",88.07,False
client_03481,client_03862,"POINTCLICKCARE TECHNOLOGIES, INC.",POINTCLICKCARE TECHNOLOGIES USA CORP.,85.71,False
client_01423,client_03877,TC ENERGY,TECO ENERGY,90.0,False
client_00272,client_03882,"TRACFONE WIRELESS, INC.",TRACFONE WIRELESS,85.0,False
client_02266,client_03884,TRINITY INDUSTRIES INC,TRINITY INDUSTRIES,90.0,False
client_01292,client_03888,UNIVERSITY OF IOWA,UNIVERSITY OF MIAMI,86.49,False
client_02651,client_03890,WEST BASIN MUNICIPAL WATER DISTRICT,WESTERN MUNICIPAL WATER DISTRICT,86.57,False
client_03821,client_03897,DSG TECHNOLOGY,DJI TECHNOLOGY,85.71,False
client_03787,client_03910,BEACON CAPITAL PARTNERS LLC,BDT CAPITAL PARTNERS LLC,86.27,False
client_01520,client_03915,DUKE ENERGY CORPORATION,DEVON ENERGY CORPORATION,89.36,False
client_01328,client_03919,GRANITE TELECOMMUNICATIONS,"GRANITE TELECOMMUNICATIONS, LLC",91.23,False
client_01429,client_03927,NIDEC AMERICAS HOLDING CORPORATION,MUFG AMERICAS HOLDINGS CORPORATION,85.29,False
client_00523,client_03929,NATIONAL RURAL LETTER CARRIERS' ASSOCIATION,NATIONAL ASSOCIATION OF LETTER CARRIERS,90.24,False
client_00308,client_03937,"SPARK THERAPEUTICS, INC.",SPARK THERAPEUTICS,85.71,False
client_00393,client_03937,SAGE THERAPEUTICS,SPARK THERAPEUTICS,85.71,False
firm_294690,client_03949,"COMMUNITIES IN SCHOOLS, INC.",COMMUNITIES IN SCHOOLS,88.0,False
client_00910,client_03954,AMAC ACTION,ATA ACTION,85.71,False
client_00001,client_03990,BUSINESS ROUNDTABLE INC,"THE BUSINESS ROUNDTABLE, INC.",88.46,False
client_02098,client_03990,THE BUSINESS ROUNDTABLE,"THE BUSINESS ROUNDTABLE, INC.",88.46,False
client_01653,client_04042,"ACADIA PHARMACEUTICALS, INC.","ACELRX PHARMACEUTICALS, INC.",85.71,False
client_02219,client_04042,"BRAEBURN PHARMACEUTICALS, INC.","ACELRX PHARMACEUTICALS, INC.",86.21,False
client_03532,client_04042,"ALEXION PHARMACEUTICALS, INC.","ACELRX PHARMACEUTICALS, INC.",87.72,False
client_00534,client_04044,AMERICAN MEDICAL GROUP ASSOCIATION,AMERICAN MEDICAL ASSOCIATION,90.32,False
client_01517,client_04044,AMERICAN RENTAL ASSOCIATION,AMERICAN MEDICAL ASSOCIATION,87.27,False
client_01650,client_04074,MONSTER WORLDWIDE,"MONSTER WORLDWIDE, INC.",85.0,False
client_01941,client_04092,SPACE EXPLORATION TECHNOLOGIES CORPORATION,SPACE EXPLORATION TECHNOLOGIES CORP,90.91,False
client_00080,client_04113,GROWTH ENERGY INC,GROWTH ENERGY,86.67,False
client_03270,client_04136,SACRAMENTO COUNTY,"SACRAMENTO COUNTY, CA",89.47,False
client_03323,client_04146,CALIFORNIA HOSPITAL ASSOCIATION,CALIFORNIA DENTAL ASSOCIATION,86.67,False
client_04081,client_04176,SOUTHWEST AIRLINES CO.,SOUTHWEST AIRLINES,90.0,False
client_00175,client_04187,CBS CORPORATION,COLSA CORPORATION,87.5,False
client_03821,client_04200,DSG TECHNOLOGY,DXC TECHNOLOGY,85.71,False
client_03897,client_04200,DJI TECHNOLOGY,DXC TECHNOLOGY,85.71,False
client_03383,client_04220,RAI SERVICES COMPANY (FORMERLY KNOWN AS REYNOLDS AMERICAN),"RAI SERVICES COMPANY (FORMERLY REYNOLDS AMERICAN, INC.)",88.5,False
client_01342,client_04221,RTX CORPORATION (FKA RAYTHEON TECHNOLOGIES CORPORATION AND AFFILIATES),RTX CORPORATION (FKA RAYTHEON TECHNOLOGIES CORPORATION),86.4,False
client_02511,client_04222,"SAMSUNG ELECTRONICS AMERICA, INC.",SAMSUNG ELECTRONICS AMERICA,90.0,False
client_03553,client_04264,"LYTX, INC.","LYFT, INC.",90.0,False
client_03945,client_04304,GLASS PACKAGING INSTITUTE (GPI),GLASS PACKAGING INSTITUTE,89.29,False
client_02568,client_04309,"INTUIT, INC. AND AFFILIATES (F.K.A. INTUIT, INC.)","INTUIT, INC. AND AFFILIATES (FORMERLY INTUIT, INC.)",88.0,False
firm_33512,client_04316,"ROBISON INTERNATIONAL, INC.","MERLIN INTERNATIONAL, INC.",86.79,False
client_03888,client_04330,UNIVERSITY OF MIAMI,THE UNIVERSITY OF MIAMI,90.48,False
client_02446,client_04335,GEORGIA INSTITUTE OF TECHNOLOGY,CALIFORNIA INSTITUTE OF TECHNOLOGY,86.15,False
client_04312,client_04336,MARINER FINANCE LLC,MARINER FINANCE,88.24,False
client_00993,client_04341,RTX CORPORATION,GATX CORPORATION,90.32,False
client_04205,client_04341,GMTO CORPORATION,GATX CORPORATION,87.5,False
client_03469,client_04355,JP MORGAN CHASE HOLDINGS,JPMORGAN CHASE HOLDINGS LLC,90.2,False
client_00207,client_04387,AON CORPORATION,ALCOA CORPORATION,87.5,False
client_01154,client_04387,CAMECO CORPORATION,ALCOA CORPORATION,85.71,False
client_04187,client_04387,COLSA CORPORATION,ALCOA CORPORATION,88.24,False
client_03704,client_04441,THOMAS JEFFERSON UNIVERSITY,THOMAS JEFFERSON UNIVERSITY HOSPITAL,85.71,False
client_00393,client_04442,SAGE THERAPEUTICS,AGILE THERAPEUTICS,91.43,False
client_01600,client_04444,AMERICAN PUBLIC POWER ASSOCIATION,AMERICAN PUBLIC HEALTH ASSOCIATION,86.57,False
client_00602,client_04457,ASSOCIATION OF CALIFORNIA WATER AGENCIES,CALIFORNIA ASSOCIATION OF SANITATION AGENCIES,87.06,False
client_02666,client_04461,CLEAN FUELS ALLIANCE AMERICA (FKA NATIONAL BIODIESEL BOARD),"CLEAN FUEL ALLIANCE ""FKA NATIONAL BIODIESEL BOARD""",88.07,False
client_01476,client_04462,COALITION FOR THE 21ST CENTURY,COALITION FOR 21ST CENTURY MEDICINE,86.15,False
client_01485,client_04489,NATIONAL LIFELINE ASSOCIATION,NATIONAL MINING ASSOCIATION,85.71,False
client_01969,client_04489,NATIONAL HOME INFUSION ASSOCIATION,NATIONAL MINING ASSOCIATION,85.25,False
client_04498,client_04499,SACRAMENTO AREA FLOOD CONTROL AGENCY (SAFCA),SACRAMENTO AREA FLOOD CONTROL AGENCY,90.0,False
client_04455,client_04520,ASTRANIS SPACE TECHNOLOGIES CORP.,"ASTRANIS SPACE TECHNOLOGIES, INC.",90.91,False
client_03160,client_04584,SPR THERAPEUTICS,PRIME THERAPEUTICS,88.24,False
client_02356,client_04595,UTAH TRANSIT AUTHORITY (UTA),UTAH TRANSIT AUTHORITY,88.0,False
client_02346,client_04598,PARTNERSHIP FOR PART D ACCESS,PARTNERSHIP FOR PART D,86.27,False
client_03662,client_04603,ASSOCIATION FOR ACCESSIBLE MEDICINES,ASSOCIATION OF ACCESSIBLE MEDICINES,90.14,False
client_00989,client_04618,GE AEROSPACE,GKN AEROSPACE,88.0,False
client_01382,client_04619,GLAXOSMITHKLINE,GLAXOSMITHKLINE LLC,88.24,False
client_02418,client_04630,MALLINCKRODT,MALLINCKRODT LLC,85.71,False
client_01834,client_04632,NATIONAL FUNERAL DIRECTORS ASSN,NATIONAL FUNERAL DIRECTORS ASSOCIATION,89.86,False
client_02594,client_04648,ZERO EMISSION TRANSPORTATION ASSOCIATION,ZERO EMISSION TRANSPORTATION ASSOCIATION (ZETA),91.95,False
client_04048,client_04664,AEVEX AEROSPACE,"AEVEX AEROSPACE, LLC",85.71,False
client_04232,client_04667,AMERICAN AUTOMOBILE ASSOCIATION,AMERICAN AUTOMOTIVE LEASING ASSOCIATION,85.71,False
client_03075,client_04678,"AXON ENTERPRISE, INC.","COX ENTERPRISES, INC.",85.71,False
client_04062,client_04684,GEORGETOWN UNIVERSITY,GEORGE MASON UNIVERSITY,86.36,False
client_03898,client_04696,LOS ANGELES WORLD AIRPORTS,LOS ANGELES WORLD AIRPORTS (LAWA),88.14,False
client_04297,client_04717,CONSUMER TECHNOLOGY ASSOCIATION (PREVIOUSLY THE CONSUMER ELECTRONICS ASSOCIATION,CONSUMER TECHNOLOGY ASSOCIATION (FKA CONSUMER ELECTRONICS ASSOCIATION (CEA)),85.9,False
client_02857,client_04725,AMERICAN BURN ASSOCIATION,"AMERICAN BUS ASSOCIATION, INC.",87.27,False
client_01517,client_04726,AMERICAN RENTAL ASSOCIATION,AMERICAN NURSES ASSOCIATION,85.19,False
client_02123,client_04726,AMERICAN SECURITIES ASSOCIATION,AMERICAN NURSES ASSOCIATION,86.21,False
client_02857,client_04726,AMERICAN BURN ASSOCIATION,AMERICAN NURSES ASSOCIATION,88.46,False
client_01598,client_04764,MOTOROLA SOLUTIONS,"MOTOROLA SOLUTIONS, INC.",85.71,False
client_00147,client_04775,POLARIS INDUSTRIES,"POLARIS INDUSTRIES, INC.",85.71,False
client_02785,client_04775,"VOLTA INDUSTRIES, INC.","POLARIS INDUSTRIES, INC.",86.96,False
client_00298,client_04781,"SAREPTA THERAPEUTICS, INC.",SAREPTA THERAPEUTICS,86.96,False
client_00393,client_04781,SAGE THERAPEUTICS,SAREPTA THERAPEUTICS,86.49,False
client_02518,client_04796,"VIRTU FINANCIAL, LLC",VIRTU FINANCIAL,85.71,False
client_00207,client_04816,AON CORPORATION,AERION CORPORATION,90.91,False
client_00383,client_04816,ARCONIC CORPORATION,AERION CORPORATION,86.49,False
client_02070,client_04816,BAYER CORPORATION,AERION CORPORATION,85.71,False
client_03575,client_04863,WORCESTER POLYTECHNIC INSTITUTE,WORCESTER POLYTECHNIC INSTITUTE (WPI),91.18,False
client_00895,client_04868,INNOVATION ALLIANCE,GPS INNOVATION ALLIANCE,90.48,False
client_01805,client_04877,COUNTY OF ALAMEDA CALIFORNIA,"CITY OF ALAMEDA, CALIFORNIA",90.91,False
client_00326,client_04885,"BUNGE NORTH AMERICA, INC","ENGIE NORTH AMERICA, INC.",89.8,False
client_00770,client_04901,LANXESS CORPORATION,NEWS CORPORATION,85.71,False
client_02876,client_04901,LOEWS CORPORATION,NEWS CORPORATION,90.91,False
client_00381,client_04902,NISSAN NORTH AMERICA,"NISSAN NORTH AMERICA, INC.",86.96,False
client_04561,client_04911,INTERNATIONAL PAPER,RI INTERNATIONAL,85.71,False
client_00061,client_04918,U.S. BEET SUGAR ASSOCIATION,U.S. BEET SUGAR ASSOCIATION (USBSA),87.1,False
client_02272,client_04924,PHLOW CORPORATION,YELLOW CORPORATION,85.71,False
client_02876,client_04924,LOEWS CORPORATION,YELLOW CORPORATION,85.71,False
client_03312,client_04937,AMAG PHARMACEUTICAL,AMNEAL PHARMACEUTICAL,90.0,False
client_03344,client_04975,SECURITIES INDUSTRY & FINANCIAL MARKETS ASSN.,SECURITIES INDUSTRY AND FINANCIAL MARKETS ASSOCIATION,87.76,False
client_02379,client_04984,"WITH HONOR ACTION, INC.",WITH HONOR ACTION,85.0,False
client_02876,client_04999,LOEWS CORPORATION,OMEROS CORPORATION,85.71,False
gov_0070,gov_0076,President of the U.S.,Vice President of the U.S.,89.36,False
gov_0157,gov_0177,U.S. Architectural & Transportation Barriers Compliance Board (ACCESS),Architectural & Transportation Barriers Compliance Board,88.89,False
gov_0035,gov_0191,Natl Institutes of Health (NIH),Natl Institute of Mental Health (NIMH),86.96,False
gov_0040,gov_0192,Office of Science & Technology Policy (OSTP),Office of Technology Policy (OTP),85.71,False
gov_0212,gov_0237,Occupational Safety & Health Review Commission,Mine Safety & Health Review Commission,85.71,False
firm_50295,lobbyist_50836,JOHN GRZEBIEN,JOHN GREEN,86.96,False
lobbyist_66672,lobbyist_66235,CHRISTOPHER KEARNEY,CHRISTOPHER SARLEY,86.49,False
lobbyist_69840,lobbyist_32310,CHRISTOPHER WILCOX,CHRISTOPHER COX,90.91,False
lobbyist_65518,lobbyist_56499,WILLIAM SMITH,WILLIAM SETH,88.0,False
lobbyist_93374,lobbyist_48260,ELIZABETH BENNETT,ELIZABETH BARNETT,88.24,False
lobbyist_71066,lobbyist_139482,GRAHAM HALL,GRAHAM HILL,90.91,False
lobbyist_55182,lobbyist_151069,JOSEPH BARTON,JOSEPH BROWN,88.0,False
lobbyist_36434,lobbyist_68649,JORDAN BERNSTEIN,RYAN BERNSTEIN,86.67,False
firm_85014,lobbyist_1526,MARLA GROSSMAN LLC,MARLA GROSSMAN,87.5,False
lobbyist_144898,lobbyist_59003,ERIC BERGREN,ERIC BERGER,86.96,False
lobbyist_66662,lobbyist_54249,GORDON BATES,BART GORDON,86.96,False
lobbyist_55182,lobbyist_92875,JOSEPH BARTON,JOSEPH BRITTON,88.89,False
lobbyist_66235,lobbyist_124311,CHRISTOPHER SARLEY,CHRISTOPHER CORLEY,88.89,False
lobbyist_57457,lobbyist_70956,RYAN THOMPSON,ERYKKA THOMPSON,85.71,False
lobbyist_57044,lobbyist_71987,CHRISTOPHER CARON,CHRISTOPHER CARNEY,91.43,False
lobbyist_64574,lobbyist_62769,JEFFERY MORTIER,JEFFERY MORE,88.89,False
lobbyist_7381,lobbyist_146653,DAVID THOMAS,THOMAS DAVIS,91.67,False
lobbyist_71066,lobbyist_7550,GRAHAM HALL,GRAHAM HILL,90.91,False
lobbyist_67545,lobbyist_61198,JOHN STONE,JOHN STERNE,85.71,False
lobbyist_143712,lobbyist_5259,JEFFREY MARKEY,JEFF MARKEY,88.0,False
lobbyist_70972,lobbyist_72207,JUSTIN BROWER,JUSTIN BROWN,88.0,False
lobbyist_141629,lobbyist_42972,CHRISTOPHER DAVIS,CHRISTOPHER JAVENS,85.71,False
lobbyist_19132,lobbyist_141667,MICHAEL HERSON,MICHAEL HEATON,85.71,False
lobbyist_65363,lobbyist_139124,KATE ROSE,KATE KROS,88.89,False
lobbyist_19132,lobbyist_141674,MICHAEL HERSON,MICHAEL HEATON,85.71,False
firm_290811,lobbyist_51460,MS. ELIZABETH LAVACH,ELIZABETH LAVACH,88.89,False
lobbyist_71275,lobbyist_142899,WILLIAM TODD,WILL TODD,85.71,False
lobbyist_66028,lobbyist_39415,TIMOTHY CASEY,TIMOTHY CANSLER,85.71,False
firm_73635,lobbyist_46815,GEOFFREY P. GRAY,GEOFFREY GRAY,89.66,False
firm_400359656,lobbyist_49343,MS. MISSY BRANSON,MISSY BRANSON,86.67,False
lobbyist_141667,lobbyist_47486,MICHAEL HEATON,MICHAEL HUTTON,85.71,False
firm_400427058,lobbyist_88151,MR. WILLIAM BALL,WILLIAM BALL,85.71,False
firm_401103504,lobbyist_68725,KEITH JOHNSON,KENNETH JOHNSON,85.71,False
lobbyist_143156,lobbyist_71961,JOHN MARTIN,JOSH MARTIN,90.91,False
lobbyist_19132,lobbyist_79397,MICHAEL HERSON,MICHAEL HANSON,85.71,False
lobbyist_141667,lobbyist_79397,MICHAEL HEATON,MICHAEL HANSON,85.71,False
lobbyist_61537,lobbyist_68370,ELIZABETH MURRAY,ELIZABETH MORRA,90.32,False
lobbyist_62044,lobbyist_138387,TYLER STEPHENS,STEPHEN WEYLER,85.71,False
lobbyist_65518,lobbyist_73017,WILLIAM SMITH,WILL SMITH,86.96,False
lobbyist_79397,lobbyist_69637,MICHAEL HANSON,MICHAEL JOHNSON,89.66,False
lobbyist_63568,lobbyist_119334,JEFFREY SADOSKY,JEFFREY SANDS,85.71,False
firm_73715,lobbyist_107445,MS. REBECCA HALKIAS,REBECCA HALKIAS,88.24,False
lobbyist_57691,lobbyist_47301,JOHN WILLIAMS,WILLIAM JOHNSON,85.71,False
lobbyist_87379,lobbyist_46305,A.J. WOJCIAK,A. WOJCIAK,90.91,False
lobbyist_66648,lobbyist_86107,MICHAEL DROBAC,MICHAEL DIROMA,85.71,False
lobbyist_42972,lobbyist_68946,CHRISTOPHER JAVENS,CHRISTOPHER JONES,85.71,False
lobbyist_140222,lobbyist_86103,ANDREW LOCK,ANDREW ECK,85.71,False
lobbyist_52422,lobbyist_148873,JENNIFER BELL,JENNIFER BELAIR,85.71,False
lobbyist_107248,lobbyist_49779,ROBERT CRAMER,ROBERT CREAR,88.0,False
lobbyist_101293,lobbyist_59634,JENNIFER READ,JENNIFER ORTEGA,85.71,False
lobbyist_150034,lobbyist_69876,MATTHEW JENNINGS,MATTHEW DENNIS,86.67,False
lobbyist_22642,lobbyist_72648,JOSH RUBIN,JOSEPH RUBIN,90.91,False
lobbyist_48964,lobbyist_64579,ALEXANDER LURIE,ALEXANDER CURRIE,90.32,False
lobbyist_48303,lobbyist_142682,JAMES RYAN,JAMES MORAN,85.71,False
lobbyist_66235,lobbyist_69802,CHRISTOPHER SARLEY,CHRISTOPHER LEAHY,85.71,False
lobbyist_45807,lobbyist_69802,CHRISTOPHER DELACY,CHRISTOPHER LEAHY,85.71,False
lobbyist_124311,lobbyist_69802,CHRISTOPHER CORLEY,CHRISTOPHER LEAHY,85.71,False
firm_57533,lobbyist_51017,MR. KHALIL SALIBA,KHALIL SALIBA,86.67,False
firm_400677020,lobbyist_52828,MR. DOYCE BOESCH,DOYCE BOESCH,85.71,False
lobbyist_70608,lobbyist_56449,LAMAR SMITH,MARK SMITH,85.71,False
lobbyist_67679,lobbyist_144795,JEFFREY WIENER,JEFFREY WIEAND,85.71,False
lobbyist_53314,lobbyist_71558,WILLIAM MUELLER,WILLIAM MILLER,89.66,False
lobbyist_64143,lobbyist_63638,BRIAN HOWARD,HOWARD BERMAN,88.0,False
lobbyist_64574,lobbyist_100880,JEFFERY MORTIER,JEFFERY MORE,88.89,False
lobbyist_45807,lobbyist_61587,CHRISTOPHER DELACY,CHRISTOPHER D'ARCY,88.89,False
lobbyist_68584,lobbyist_66790,JENNIFER STETTNER,JENNIFER STEGER,87.5,False
lobbyist_35009,lobbyist_140890,ELIZABETH POWELL,ELIZABETH NOLL,86.67,False
lobbyist_288,lobbyist_107372,KEVIN JOSEPH,JOSEPH KING,86.96,False
lobbyist_48303,lobbyist_72617,JAMES RYAN,JAMES MORAN,85.71,False
lobbyist_141547,lobbyist_68303,DAVID MARTEN,DAVID MARIN,86.96,False
lobbyist_47192,lobbyist_66478,JONATHAN MANTZ,JONATHAN MASON,85.71,False
lobbyist_43409,lobbyist_144179,ROBERT BRADNER,ROBERT GARDNER,85.71,False
lobbyist_62279,lobbyist_141621,MICHAEL ROBINSON,MICHAEL RUBINO,86.67,False
lobbyist_72975,lobbyist_66434,DAVID LIND,DAVID ELIN,90.0,False
lobbyist_63558,lobbyist_65132,DANIEL MURRAY,DANIEL MERRY,88.0,False
lobbyist_64811,lobbyist_69909,EDWARD HILD,EDWARD HILL,90.91,False
lobbyist_141667,lobbyist_1008,MICHAEL HEATON,MICHAEL HUTTON,85.71,False
lobbyist_20113,lobbyist_64769,MICHAEL WESSEL,MICHAEL WASSER,85.71,False
lobbyist_68373,lobbyist_138571,CHRISTOPHER BRADISH,CHRISTOPHER BERARDINI,85.0,False
lobbyist_149638,lobbyist_66539,CHRISTOPHER INGRAHAM,CHRISTOPHER GAHAN,86.49,False
firm_400943723,lobbyist_56745,MRS. LAURA EUGSTER DOYLE,LAURA EUGSTER DOYLE,88.37,False
lobbyist_146767,lobbyist_68067,ANNIE WOLF,DANIEL WOLF,85.71,False
lobbyist_53458,lobbyist_70703,MATT WISE,MATTHEW WISE,85.71,False
lobbyist_61622,lobbyist_72074,DOUGLAS SCHWARTZ,DOUG SCHWARTZ,89.66,False
lobbyist_65124,lobbyist_142892,LUKE ALBEE,LUKE ALBERT,85.71,False
lobbyist_68067,lobbyist_55427,DANIEL WOLF,ARIEL WOLF,85.71,False
lobbyist_62727,lobbyist_68644,ADAM BORDES,ADAM JORDE,85.71,False
lobbyist_96857,lobbyist_139376,DAVID GROSSO,DAVID ROSS,90.91,False
lobbyist_72759,lobbyist_148744,ASHLI PALMER,ASHLEY PALMER,88.0,False
firm_400751249,lobbyist_139713,JOHN MCKECHNIE LLC,JOHN MCKECHNIE,87.5,False
lobbyist_57902,lobbyist_61934,ELIZABETH GREER,ELIZABETH LEE,85.71,False
lobbyist_140316,lobbyist_61934,ELIZABETH FOLEY,ELIZABETH LEE,85.71,False
lobbyist_147732,lobbyist_71269,BRIAN CONLAN,BRIAN CONKLIN,88.0,False
lobbyist_66672,lobbyist_27138,CHRISTOPHER KEARNEY,CHRISTOPHER PEARCE,86.49,False
lobbyist_69441,lobbyist_146502,CATHERINE HARTNETT,CATHERINE HARNEY,88.24,False
lobbyist_69637,lobbyist_70098,MICHAEL JOHNSON,MICAH JOHNSON,85.71,False
lobbyist_71066,lobbyist_71428,GRAHAM HALL,GRAHAM HAILE,86.96,False
lobbyist_139482,lobbyist_71428,GRAHAM HILL,GRAHAM HAILE,86.96,False
lobbyist_80339,lobbyist_143353,CHRISTIAN LEE,CHRISTIAN CLESI,85.71,False
lobbyist_63267,lobbyist_49043,TIMOTHY KEYSER,TIMOTHY KEELER,85.71,False
lobbyist_58655,lobbyist_148718,CHRISTOPHER BOND,CHRISTOPHER BRINSON,85.71,False
lobbyist_144898,lobbyist_53695,ERIC BERGREN,ERIC BERGER,86.96,False
firm_300355,lobbyist_70860,JENNIFER BERZOK,JENNIFER BERG,85.71,False
lobbyist_148873,lobbyist_70860,JENNIFER BELAIR,JENNIFER BERG,85.71,False
lobbyist_95202,lobbyist_55652,MATTHEW SILVER,MATTHEW MILLER,85.71,False
lobbyist_79070,lobbyist_71352,BRIANNA JONES,BRIAN JONES,91.67,False
lobbyist_54736,lobbyist_142174,DANIEL MAUER,DANIEL SAUERS,88.0,False
lobbyist_54797,lobbyist_65065,JAMES HALL,JAMES HILL,90.0,False
lobbyist_69802,lobbyist_140915,CHRISTOPHER LEAHY,CHRISTOPHER FAY,87.5,False
lobbyist_104162,lobbyist_65424,JAMES BURTON,BARTON JAMES,91.67,False
lobbyist_72975,lobbyist_73041,DAVID LIND,DAVID LINN,90.0,False
lobbyist_66434,lobbyist_73041,DAVID ELIN,DAVID LINN,90.0,False
lobbyist_69061,lobbyist_140584,CHRISTOPHER PHILBIN,CHRISTOPHER HICKLING,87.18,False
lobbyist_140222,lobbyist_150408,ANDREW LOCK,ANDREW FLICK,86.96,False
lobbyist_61387,lobbyist_79470,MICHAEL SOLIMAN,MICHAEL SOLON,85.71,False
lobbyist_59711,lobbyist_72959,CLARENCE WILLIAMS,LAUREN WILLIAMS,87.5,False
lobbyist_65628,lobbyist_72959,KAREN WILLIAMS,LAUREN WILLIAMS,89.66,False
lobbyist_144003,lobbyist_62787,RYAN CARNEY,RYNE CARNEY,90.91,False
lobbyist_51860,lobbyist_143367,BENJAMIN KLEIN,BENJAMIN KALLEN,89.66,False
lobbyist_69527,lobbyist_58358,MARIA PRICE,MARIA PICA,85.71,False
lobbyist_54451,lobbyist_92710,RYAN SMITH,BRIAN SMITH,85.71,False
lobbyist_139011,lobbyist_141552,BYRON WILLIAMS,BRYAN WILLIAMS,85.71,False
lobbyist_139943,lobbyist_46724,ANDREW USYK,ANDREW GUY,85.71,False
lobbyist_48303,lobbyist_63732,JAMES RYAN,JAMES MORAN,85.71,False
lobbyist_72966,lobbyist_67369,ADAM HECHAVARRIA,ANDREA HECHAVARRIA,88.24,False
firm_401104134,lobbyist_73169,ROBERT ROZEN,ROBERT ROSE,86.96,False
lobbyist_33519,lobbyist_138764,WILLIAM BURKE,WILLIAM BURGER,88.89,False
lobbyist_80339,lobbyist_46398,CHRISTIAN LEE,CHRISTIAN KLEIN,85.71,False
lobbyist_143353,lobbyist_46398,CHRISTIAN CLESI,CHRISTIAN KLEIN,86.67,False
lobbyist_64811,lobbyist_106918,EDWARD HILD,EDWARD HILL,90.91,False
lobbyist_71785,lobbyist_147735,JANE LUCAS,LUCAS AGNEW,85.71,False
lobbyist_57044,lobbyist_141542,CHRISTOPHER CARON,CHRISTOPHER BROWN,88.24,False
lobbyist_58655,lobbyist_141542,CHRISTOPHER BOND,CHRISTOPHER BROWN,90.91,False
lobbyist_148718,lobbyist_141542,CHRISTOPHER BRINSON,CHRISTOPHER BROWN,88.89,False
lobbyist_147571,lobbyist_67563,LIAM ANDERSON,WILLIAM ANDERSON,89.66,False
lobbyist_148844,lobbyist_67563,MILLA ANDERSON,WILLIAM ANDERSON,86.67,False
lobbyist_60458,lobbyist_121751,MICHAEL BEER,MICHAEL LEE,86.96,False
lobbyist_87173,lobbyist_121751,MICHAEL LEGG,MICHAEL LEE,86.96,False
lobbyist_69788,lobbyist_72280,THOMAS MICHELS,CHELSEY THOMAS,85.71,False
lobbyist_61537,lobbyist_100610,ELIZABETH MURRAY,ELIZABETH MURPHY,87.5,False
lobbyist_63527,lobbyist_145883,SEAN TAYLOR,SHAUN TAYLOR,86.96,False
lobbyist_141552,lobbyist_144193,BRYAN WILLIAMS,RANI WILLIAMS,88.89,False
lobbyist_92610,lobbyist_64524,DOUGLAS C. MCINTYRE,DOUGLAS MCINTYRE,91.43,False
lobbyist_71987,lobbyist_65491,CHRISTOPHER CARNEY,CHRISTOPHER CAUSEY,88.89,False
lobbyist_107329,lobbyist_145972,MICHAEL BAIN,MICHAEL DAVIN,88.0,False
firm_400943723,lobbyist_53625,MRS. LAURA EUGSTER DOYLE,LAURA EUGSTER DOYLE,88.37,False
lobbyist_25497,lobbyist_67356,MICHAEL ADCOCK,MICHAEL HAYCOCK,89.66,False
lobbyist_60906,lobbyist_68735,ANDREW HAWKINS,ANDREW WILKINS,85.71,False
lobbyist_112258,lobbyist_148416,ELIZABETH HUNGER,ELIZABETH HORNER,87.5,False
lobbyist_141667,lobbyist_55689,MICHAEL HEATON,MICHAEL HAMOND,85.71,False
lobbyist_79397,lobbyist_55689,MICHAEL HANSON,MICHAEL HAMOND,85.71,False
lobbyist_71558,lobbyist_63542,WILLIAM MILLER,WILLIAM HILLEARY,86.67,False
lobbyist_142899,lobbyist_150453,WILL TODD,TODD WILLENS,85.71,False
lobbyist_57902,lobbyist_52898,ELIZABETH GREER,ELIZABETH GORE,89.66,False
lobbyist_63805,lobbyist_52898,ELIZABETH O'HARE,ELIZABETH GORE,86.67,False
lobbyist_148416,lobbyist_52898,ELIZABETH HORNER,ELIZABETH GORE,86.67,False
lobbyist_56105,lobbyist_138605,CHRISTOPHER HODGSON,CHRISTOPHER DAWSON,86.49,False
lobbyist_141629,lobbyist_138605,CHRISTOPHER DAVIS,CHRISTOPHER DAWSON,85.71,False
lobbyist_66861,lobbyist_138605,CHRISTOPHER MANSON,CHRISTOPHER DAWSON,88.89,False
lobbyist_151501,lobbyist_73037,BRANDON REA,BRANDON RENZ,86.96,False
lobbyist_142899,lobbyist_142061,WILL TODD,TODD WILLENS,85.71,False
firm_401105868,lobbyist_101015,MR. THOMAS MARQUEZ,THOMAS MARQUEZ,87.5,False
lobbyist_332,lobbyist_141493,CHRISTOPHER GUITH,CHRISTOPHER SMITH,88.24,False
firm_318298,lobbyist_148638,CHRISTOPHER HEINZ,CHRISTOPHER PHALEN,85.71,False
lobbyist_69061,lobbyist_148638,CHRISTOPHER PHILBIN,CHRISTOPHER PHALEN,86.49,False
lobbyist_66539,lobbyist_148638,CHRISTOPHER GAHAN,CHRISTOPHER PHALEN,85.71,False
lobbyist_147173,lobbyist_61702,DAVID LEITER,DAVID LEE,85.71,False
lobbyist_100549,lobbyist_139546,CHRISTOPHER WALL,CHRISTOPHER HOWELL,88.24,False
lobbyist_71785,lobbyist_147751,JANE LUCAS,LUCAS AGNEW,85.71,False
lobbyist_71422,lobbyist_71384,ELIZABETH THOMPSON,ELIZABETH THOMAS,88.24,False
lobbyist_150230,lobbyist_65231,MOLLY ROSS,RUSS MOLLOY,85.71,False
lobbyist_143194,lobbyist_66957,JENNIFER DAULBY,JENNIFER DALE,85.71,False
lobbyist_102484,lobbyist_66957,JENNIFER GOODALE,JENNIFER DALE,89.66,False
lobbyist_66515,lobbyist_68874,KATIE MITCHELL,KATHY MITCHELL,85.71,False
lobbyist_52956,lobbyist_140774,CHRISTOPHER LONG,CHRISTOPHER LYDON,90.91,False
lobbyist_138605,lobbyist_140774,CHRISTOPHER DAWSON,CHRISTOPHER LYDON,85.71,False
lobbyist_143069,lobbyist_69956,WILLIAM IRBY,WILLIAM T. IRBY,88.89,False
lobbyist_56628,lobbyist_138404,MATTHEW WARD,MATTHEW SOWARDS,88.89,False
lobbyist_79070,lobbyist_139303,BRIANNA JONES,ANNA JONES,86.96,False
lobbyist_46927,lobbyist_141351,DAVID HORNE,DAVID HONG,85.71,False
lobbyist_58256,lobbyist_71909,DAVID HAINES,DAVID HANKE,86.96,False
lobbyist_60458,lobbyist_50589,MICHAEL BEER,MICHAEL BEARD,88.0,False
lobbyist_38955,lobbyist_58401,WILLIAM MORLEY,COREY WILLIAMS,85.71,False
lobbyist_69802,lobbyist_69540,CHRISTOPHER LEAHY,CHRISTOPHER FAY,87.5,False
lobbyist_36239,lobbyist_71601,CHRISTOPHER TRACI,CHRISTOPHER GARCIA,85.71,False
lobbyist_66539,lobbyist_71601,CHRISTOPHER GAHAN,CHRISTOPHER GARCIA,85.71,False
lobbyist_65769,lobbyist_114481,JENNIFER TYREE,JENNIFER TYLER,85.71,False
lobbyist_58681,lobbyist_147067,CATHERINE CHASE,CATHERINE FUCHS,86.67,False
lobbyist_47487,lobbyist_92757,JENNIFER CAVE,JENNIFER CAREY,88.89,False
firm_401104434,lobbyist_98414,KEVIN KAYES,KEVIN KANE,85.71,False
lobbyist_62402,lobbyist_65063,MICHELE STANLEY,MICHAEL STALEY,89.66,False
lobbyist_139193,lobbyist_74191,TANNER JOHNSON,JOHN TANNER,88.0,False
lobbyist_54451,lobbyist_46371,RYAN SMITH,BRIAN SMITH,85.71,False
firm_401105872,lobbyist_55721,MICHAEL POWELSON,MICHAEL TELSON,86.67,False
firm_401104494,lobbyist_67263,MR. PHILIP KLEIN,PHILIP KLEIN,85.71,False
lobbyist_67608,lobbyist_123757,PETER KLENSCH,PETER LEPSCH,88.0,False
lobbyist_43920,lobbyist_147622,CHRISTOPHER VITALE,CHRISTOPHER MILES,85.71,False
lobbyist_58850,lobbyist_147622,CHRISTOPHER MILLER,CHRISTOPHER MILES,91.43,False
lobbyist_41063,lobbyist_68268,MICHAEL DAVIS,MICHAEL DANIELS,85.71,False
lobbyist_151501,lobbyist_138237,BRANDON REA,BRANDON RENZ,86.96,False
lobbyist_45807,lobbyist_118909,CHRISTOPHER DELACY,CHRISTOPHER PEACE,85.71,False
firm_73715,lobbyist_71128,MS. REBECCA HALKIAS,REBECCA HALKIAS,88.24,False
lobbyist_63767,lobbyist_150469,WILLIAM STONE,WILLIAM SITTON,88.89,False
lobbyist_139232,lobbyist_33665,MICHAEL LEAHY,MICHAEL LEVY,88.0,False
lobbyist_121751,lobbyist_33665,MICHAEL LEE,MICHAEL LEVY,86.96,False
lobbyist_70972,lobbyist_72288,JUSTIN BROWER,JUSTIN BROWN,88.0,False
lobbyist_46621,lobbyist_50755,MICHAEL EVANS,MICHAEL KANS,88.0,False
lobbyist_57044,lobbyist_67404,CHRISTOPHER CARON,CHRISTOPHER CARNEY,91.43,False
lobbyist_79448,lobbyist_68554,ANDREW TERP,ANDREW THARP,86.96,False
lobbyist_80298,lobbyist_71584,MARK DUNN,MARK DANN,88.89,False
lobbyist_57802,lobbyist_72133,GREG THOMAS,THOMAS GREEN,86.96,False
lobbyist_69251,lobbyist_7887,PATRICK MALLOY,PATRICK MALONE,85.71,False
